Location ,TST,Tag,Age,Sex,Nasal,Jaw,FAMACHA,BCS,DAG,StatusX,Weight,Dose applied (grams/ ml),Lactation,Newbornkids,Faecal samples,Visit,Obs.,Date,FEC,Time,year,month,time2,end,time3,Status,season,plant,plantx,plantx2,plantx3
PC1,Plant,1,3,Female,0,0,2,2,0,Healthy,35.4,,Lactating,1,,16,,19/05/2021,,489,2021,May,May-21,489,,1,Dry,Viscum,3,3,3
PC1,Plant,2,4,Female,0,0,2,2,0,Healthy,36.7,,Lactating,1,,16,newborn,19/05/2021,,489,2021,May,May-21,489,,1,Dry,Viscum,8,4+,4+
PC1,Plant,3,4,Female,0,0,4,2,0,Sick,40.8,16,Lactating,0,1,1,,16/01/2020,750,1,2020,Jan,Jan-20,134,,2,Rainy,Noplant,0,0,0
PC1,Plant,4,0.5,Male,1,0,1,2,0,Healthy,29.9,,,,0,5,,29/05/2020,,134,2020,May,May-20,FALSE,,1,Dry,Noplant,0,0,0
PC1,Plant,5,1.5,Female,0,0,3,1.5,0,Borderline,40.8,,Lactating,1,1,16,,19/05/2021,250,489,2021,May,May-21,489,,1,Dry,Viscum,5,4+,4+
PC1,Plant,6,1.5,Female,0,0,2,1.5,0,Healthy,29.9,,Lactating,0,,15,,12/04/2021,,452,2021,Apr,Apr-21,FALSE,,1,Dry,Viscum,10,4+,4+
PC1,Plant,7,4,Female,0,0,3,2.5,0,Borderline,34.2,,Notlactating,0,1,1,,16/01/2020,400,1,2020,Jan,Jan-20,FALSE,,1,Rainy,Noplant,0,0,0
PC1,Plant,8,1.5,Female,0,0,3,2,0,Borderline,32.8,,Notlactating,0,1,16,,19/05/2021,0,489,2021,May,May-21,489,,1,Dry,Viscum,4,4+,4+
PC1,Plant,9,3.5,Female,0,0,2,2.5,0,Healthy,36.7,,Notlactating,0,,16,,19/05/2021,,489,2021,May,May-21,489,,1,Dry,Viscum,3,3,3
PC1,Plant,10,1.5,Male,1,0,2,2.5,0,Healthy,36.7,,,,1,9,control,24/09/2020,450,252,2020,Sep,Sep-20,FALSE,,1,Dry,Noplant,0,0,0
PC1,Plant,11,3.5,Female,0,0,2,2,0,Healthy,36.7,,Notlactating,0,,16,,19/05/2021,,489,2021,May,May-21,489,,1,Dry,Viscum,3,3,3
PC1,Plant,12,2,Female,1,0,3,1,1,Sick,28.6,,Lactating,1,1,6,,27/06/2020,250,163,2020,Jun,Jun-20,,,2,Dry,Noplant,0,0,0
PC1,Plant,13,3,Female,0,0,2,2,0,Healthy,42.2,,Notlactating,0,,11,,30/11/2020,,319,2020,Nov,Nov-20,FALSE,,1,Rainy,Viscum,2,2,2
PC1,Plant,14,1.5,Female,0,0,4,1.5,0,Sick,25.9,10,Notlactating,0,1,9,has no sample,24/09/2020,350,252,2020,Sep,Sep-20,,,2,Dry,Viscum,4,4+,4+
PC1,Plant,15,3.5,Female,0,0,4,1.5,0,Sick,34.2,13.6,Lactating,0,1,1,,16/01/2020,500,1,2020,Jan,Jan-20,,,2,Rainy,Noplant,0,0,0
PC1,Plant,16,3,Female,0,0,1,1,0,Healthy,32.6,,Lactating,2,,16,,19/05/2021,,489,2021,May,May-21,489,,1,Dry,Viscum,6,4+,4+
PC1,Plant,17,1,Female,1,0,3,1,0,Sick,20.4,8,Lactating,0,1,9,,24/09/2020,50,252,2020,Sep,Sep-20,,,2,Dry,Viscum,2,2,2
PC1,Plant,18,2,Female,0,0,2,2,0,Healthy,40,,Notlactating,0,0,6,,27/06/2020,,163,2020,Jun,Jun-20,FALSE,,1,Dry,Noplant,0,0,0
PC1,Plant,19,2.5,Female,0,0,2,2,0,Healthy,34.2,,Lactating,1,,16,newborn,19/05/2021,,489,2021,May,May-21,489,,1,Dry,Viscum,4,4+,4+
PC1,Plant,20,1.5,Female,0,0,2,2,0,Healthy,34.2,,Notlactating,0,,16,,19/05/2021,,489,2021,May,May-21,489,,1,Dry,Viscum,6,4+,4+
PC1,Plant,21,1.5,Female,1,0,1,1,0,Sick,24.5,,Lactating,2,0,7,Is lactating and two kids NO TREATED,07/08/2020,,204,2020,Aug,Aug-20,,,2,Dry,Viscum,6,4+,4+
PC1,Plant,22,1,Male,0,0,2,2,0,Healthy,20.4,,,,0,1,,16/01/2020,,1,2020,Jan,Jan-20,FALSE,,1,Rainy,Noplant,0,0,0
PC1,Plant,23,2.5,Male,0,0,2,2,0,Healthy,39.5,,,,,16,,19/05/2021,,489,2021,May,May-21,489,,1,Dry,Viscum,2,2,2
PC1,Plant,24,1.5,Female,0,0,2,1.5,0,Healthy,29.9,,Lactating,1,,16,,19/05/2021,,489,2021,May,May-21,489,,1,Dry,Viscum,4,4+,4+
PC1,Plant,25,2.5,Female,0,0,4,2.5,0,Sick,,,Pregnant,0,0,1,no weight,16/01/2020,,1,2020,Jan,Jan-20,,,2,Rainy,Viscum,4,4+,4+
PC1,Plant,26,0.5,Male,0,0,2,2,0,Healthy,32.6,,,,,12,,15/03/2021,,424,2021,Mar,Mar-21,FALSE,,1,Dry,Noplant,0,0,0
PC1,Plant,27,1,Female,0,0,4,1,0,Sick,24.5,,Lactating,0,1,3,,24/09/2020,0,48,2020,Sep,Sep-20,,,2,Dry,Noplant,0,0,0
PC1,Plant,28,1,Female,0,0,1,2,0,Healthy,29.9,,Notlactating,0,,10,,19/05/2021,,285,2021,May,May-21,285,,1,Dry,Viscum,6,4+,4+
PC1,Plant,29,1.5,Male,0,0,3,2,0,Borderline,42.2,,,,,5,,19/05/2021,,126,2021,May,May-21,126,,1,Dry,Viscum,4,4+,4+
PC1,Plant,30,1.5,Female,0,0,3,2,0,Borderline,31.3,,Notlactating,0,1,4,,19/05/2021,0,99,2021,May,May-21,99,,1,Dry,Viscum,2,2,2
PC1,Plant,31,1.5,Female,0,0,1,1.5,0,Healthy,32.6,,Lactating,1,,4,,19/05/2021,,99,2021,May,May-21,99,,1,Dry,Noplant,0,0,0
PC1,Plant,32,1.5,Female,0,0,1,2,0,Healthy,28.6,,Notlactating,0,,1,,15/03/2021,,1,2021,Mar,Mar-21,FALSE,,1,Dry,Noplant,0,0,0
PC1,Plant,33,3.5,Female,0,0,2,1.5,0,Healthy,28.6,,Lactating,1,,3,,19/05/2021,,65,2021,May,May-21,65,,1,Dry,Viscum,1,1,1
PC1,Plant,34,1.5,Female,0,0,2,1.5,0,Healthy,27.2,,Lactating,1,,3,,19/05/2021,,65,2021,May,May-21,65,,1,Dry,Noplant,0,0,0
PC2,Plant,40,0.5,Male,1,0,4,1.5,0,Sick,23.1,9.2,,,0,6,,22/06/2020,450,154,2020,Jun,Jun-20,,,2,Dry,Viscum,1,1,1
PC2,Plant,41,2.5,Male,1,0,2,2.5,0,Healthy,35.4,,,,,16,,12/05/2021,,478,2021,May,May-21,478,,1,Dry,Viscum,2,2,2
PC2,Plant,42,2.5,Female,0,0,4,3,0,Sick,38.1,15.2,Notlactating,0,1,3,,05/03/2020,,45,2020,Mar,Mar-20,,,2,Rainy,Viscum,1,1,1
PC2,Plant,43,4,Female,1,0,4,1.5,0,Sick,38.1,,Pregnant,0,0,1,,20/01/2020,,1,2020,Jan,Jan-20,,,2,Rainy,Noplant,0,0,0
PC2,Plant,44,4,Female,1,0,2,1.5,0,Borderline,38.7,,Notlactating,0,1,8,,25/08/2020,650,218,2020,Aug,Aug-20,FALSE,,1,Dry,Viscum,4,4+,4+
PC2,Plant,45,1.5,Female,0,0,3,2.5,0,Borderline,31.3,,Notlactating,0,1,16,,12/05/2021,0,478,2021,May,May-21,478,,1,Dry,Viscum,2,2,2
PC2,Plant,46,3,Female,1,0,4,1.5,0,Sick,38.1,,Lactating,0,0,1,,20/01/2020,,1,2020,Jan,Jan-20,,,2,Rainy,Noplant,0,0,0
PC2,Plant,47,1.5,Male,0,0,2,2,0,Healthy,25.9,,,,0,4,,23/03/2020,,63,2020,Mar,Mar-20,FALSE,,1,Dry,Noplant,0,0,0
PC2,Plant,48,4,Female,1,0,4,1.5,0,Sick,32.6,12.8,Lactating,0,1,2,,11/02/2020,1150,22,2020,Feb,Feb-20,,,2,Rainy,Noplant,0,0,0
PC2,Plant,49,3,Female,1,0,4,2,0,Sick,28.1,,Pregnant,0,0,1,,20/01/2020,,1,2020,Jan,Jan-20,,,2,Rainy,Noplant,0,0,0
PC2,Plant,50,0.5,Male,0,0,3,2.5,0,Borderline,37.2,,,,,16,,12/05/2021,,478,2021,May,May-21,478,,1,Dry,Viscum,9,4+,4+
PC2,Plant,51,4,Female,1,0,4,1.5,0,Sick,35.4,14,Notlactating,0,1,5,,23/05/2020,600,124,2020,May,May-20,,,2,Dry,Noplant,0,0,0
PC2,Plant,52,4,Female,1,0,4,1.5,0,Sick,38.1,,Lactating,0,0,1,,20/01/2020,,1,2020,Jan,Jan-20,,,2,Rainy,Noplant,0,0,0
PC2,Plant,53,3,Female,0,0,2,2.5,0,Healthy,31.3,,Lactating,0,,16,,12/05/2021,,478,2021,May,May-21,478,,1,Dry,Viscum,7,4+,4+
PC2,Plant,54,3,Female,1,0,4,2,0,Sick,35.4,14,Pregnant,0,1,2,,11/02/2020,3000,22,2020,Feb,Feb-20,,,2,Rainy,Noplant,0,0,0
PC2,Plant,55,4,Female,0,0,4,1,1,Sick,36.7,14.4,Notlactating,0,1,5,,23/05/2020,0,124,2020,May,May-20,,,2,Dry,Viscum,2,2,2
PC2,Plant,56,2.5,Female,0,0,4,1.5,2,Sick,32.6,,Lactating,0,1,1,,20/01/2020,150,1,2020,Jan,Jan-20,,,2,Rainy,Noplant,0,0,0
PC2,Plant,57,2,Female,0,0,4,2,0,Sick,32.6,,Lactating,0,0,1,,20/01/2020,,1,2020,Jan,Jan-20,,,2,Rainy,Noplant,0,0,0
PC2,Plant,58,1.5,Male,1,0,4,2,0,Sick,27.2,,,,0,1,,20/01/2020,,1,2020,Jan,Jan-20,,,2,Rainy,Noplant,0,0,0
PC2,Plant,59,4,Female,0,0,4,2,0,Sick,34.2,,Lactating,0,0,1,,20/01/2020,,1,2020,Jan,Jan-20,,,2,Rainy,Noplant,0,0,0
PC2,Plant,60,2.5,Male,0,0,4,2.5,0,Sick,36.7,,,,0,1,,20/01/2020,,1,2020,Jan,Jan-20,,,2,Rainy,Noplant,0,0,0
PC2,Plant,61,4,Female,1,0,2,1,0,Sick,39.5,16,Notlactating,0,1,8,,25/08/2020,300,218,2020,Aug,Aug-20,,,2,Dry,Viscum,5,4+,4+
PC2,Plant,62,1.5,Female,0,0,2,1,0,Sick,27.2,12.8,Notlactating,0,0,8,,25/08/2020,,218,2020,Aug,Aug-20,,,2,Dry,Viscum,2,2,2
PC2,Plant,63,4,Female,1,0,4,1.5,0,Sick,42.2,,Pregnant,0,0,1,,20/01/2020,,1,2020,Jan,Jan-20,,,2,Rainy,Noplant,0,0,0
PC2,Plant,64,3,Female,1,0,3,1,0,Sick,32.6,12.8,Notlactating,0,1,7,,25/07/2020,250,187,2020,Jul,Jul-20,,,2,Dry,Noplant,0,0,0
PC2,Plant,65,3,Female,0,0,4,1.5,0,Sick,55.4,,Lactating,0,0,1,,20/01/2020,,1,2020,Jan,Jan-20,,,2,Rainy,Noplant,0,0,0
PC2,Plant,66,2,Male,0,0,2,2.5,0,Healthy,32.6,,,,,11,,27/11/2020,,312,2020,Nov,Nov-20,FALSE,,1,Rainy,Viscum,5,4+,4+
PC2,Plant,67,1.5,Female,0,0,2,1.5,0,Healthy,34.2,,Lactating,0,,16,,12/05/2021,,478,2021,May,May-21,478,,1,Dry,Noplant,0,0,0
PC2,Plant,68,2.5,Female,0,0,2,1.5,0,Healthy,39.9,,Lactating,0,,16,,12/05/2021,,478,2021,May,May-21,478,,1,Dry,Viscum,8,4+,4+
PC2,Plant,69,4,Female,1,0,4,1.5,1,Sick,40.8,,Pregnant,0,0,1,,20/01/2020,,1,2020,Jan,Jan-20,,,2,Rainy,Noplant,0,0,0
PC2,Plant,70,1.5,Female,1,0,4,1.5,0,Sick,28.6,11.2,Notlactating,0,1,9,,28/09/2020,800,252,2020,Sep,Sep-20,,,2,Dry,Viscum,3,3,3
PC2,Plant,71,3,Female,0,0,4,2,0,Sick,36.7,,Notlactating,0,0,1,,20/01/2020,,1,2020,Jan,Jan-20,,,2,Rainy,Noplant,0,0,0
PC2,Plant,72,2,Female,1,0,3,1.5,3,Sick,21.8,8.4,Notlactating,0,0,10,has no sample,29/10/2020,,283,2020,Oct,Oct-20,,,2,Dry,Viscum,4,4+,4+
PC2,Plant,73,2,Male,0,0,3,2.5,0,Borderline,34.2,,,,,16,,12/05/2021,,478,2021,May,May-21,478,,1,Dry,Viscum,4,4+,4+
PC2,Plant,74,2,Male,0,0,3,1,0,Sick,28.4,,,,0,13,,24/02/2021,,401,2021,Feb,Feb-21,,,2,Rainy,Viscum,1,1,1
PC2,Plant,75,2,Female,0,0,2,2,0,Healthy,24.5,,Lactating,0,,16,,12/05/2021,,478,2021,May,May-21,478,,1,Dry,Viscum,6,4+,4+
PC2,Plant,76,4,Female,1,0,3,1,0,Sick,27.2,,Notlactating,0,1,10,,29/10/2020,1850,283,2020,Oct,Oct-20,,,2,Dry,Viscum,6,4+,4+
PC2,Plant,77,1.5,Male,0,0,1,2,0,Healthy,34.2,,,,0,6,,22/06/2020,,154,2020,Jun,Jun-20,FALSE,,1,Dry,Viscum,1,1,1
PC2,Plant,78,1.5,Female,1,0,4,2,0,Sick,28.6,,Notlactating,0,0,1,,20/01/2020,,1,2020,Jan,Jan-20,,,2,Rainy,Noplant,0,0,0
PC2,Plant,79,2,Female,1,0,3,1.5,0,Sick,23.1,9.2,Notlactating,0,1,10,,29/10/2020,150,283,2020,Oct,Oct-20,,,2,Dry,Viscum,6,4+,4+
PC2,Plant,80,1,Male,0,0,2,2,0,Healthy,32.6,,,,0,8,,25/08/2020,,218,2020,Aug,Aug-20,FALSE,,1,Dry,Viscum,2,2,2
PC3,Plant,90,1.5,Male,0,0,3,2,0,Borderline,34.2,,,,0,10,,30/11/2020,,314,2020,Nov,Nov-20,FALSE,,1,Rainy,Terminalia,4,4+,4+
PC3,Plant,91,2.5,Male,1,0,4,2,0,Sick,44.5,,,,0,1,,21/01/2020,,1,2020,Jan,Jan-20,,,2,Rainy,Noplant,0,0,0
PC3,Plant,92,1,Male,0,0,4,2.5,0,Sick,24.5,,,,0,1,,21/01/2020,,1,2020,Jan,Jan-20,,,2,Rainy,Noplant,0,0,0
PC3,Plant,93,3,Female,0,0,4,1,0,Sick,34.2,13.6,Lactating,2,1,5,,23/06/2020,950,154,2020,Jun,Jun-20,,,2,Dry,Terminalia,3,3,3
PC3,Plant,94,4,Female,1,0,4,1.5,0,Sick,36.7,7.2,Pregnant,0,1,9,,02/11/2020,50,286,2020,Nov,Nov-20,,,2,Rainy,Terminalia,7,4+,4+
PC3,Plant,95,4,Female,1,0,4,1.5,0,Sick,31.5,,Lactating,0,1,1,,21/01/2020,2400,1,2020,Jan,Jan-20,,,2,Rainy,Noplant,0,0,0
PC3,Plant,96,4,Female,0,0,3,2,0,Borderline,38.1,,Notlactating,0,1,15,,15/05/2021,300,480,2021,May,May-21,480,,1,Dry,Terminalia,7,4+,4+
PC3,Plant,97,3,Female,0,0,4,2.5,0,Sick,39.5,,Pregnant,0,1,1,,21/01/2020,2050,1,2020,Jan,Jan-20,,,2,Rainy,Noplant,0,0,0
PC3,Plant,98,3,Female,0,0,4,1.5,0,Sick,30,,Lactating,0,1,1,,21/01/2020,950,1,2020,Jan,Jan-20,,,2,Rainy,Noplant,0,0,0
PC3,Plant,99,4,Female,1,0,4,2.5,0,Sick,47.6,18.8,Notlactating,0,1,2,Have not yet staring feedin them,05/03/2020,,44,2020,Mar,Mar-20,,,2,Rainy,Noplant,0,0,0
PC3,Plant,100,3,Female,1,0,2,2.5,0,Healthy,38.1,,Lactating,1,,15,,15/05/2021,,480,2021,May,May-21,480,,1,Dry,Terminalia,5,4+,4+
PC3,Plant,101,3.5,Female,0,0,3,2,0,Borderline,35.4,,Notlactating,0,1,15,,15/05/2021,100,480,2021,May,May-21,480,,1,Dry,Terminalia,11,4+,4+
PC3,Plant,102,3,Female,1,0,4,1.5,0,Sick,36.7,,Notlactating,0,1,1,,21/01/2020,350,1,2020,Jan,Jan-20,,,2,Rainy,Noplant,0,0,0
PC3,Plant,103,4,Female,0,0,2,2,0,Healthy,36.7,,Notlactating,0,,15,,15/05/2021,,480,2021,May,May-21,480,,1,Dry,Terminalia,4,4+,4+
PC3,Plant,104,4,Female,0,0,3,1.5,0,Borderline,35.4,,Notlactating,0,,15,,15/05/2021,3900,480,2021,May,May-21,480,,1,Dry,Terminalia,10,4+,4+
PC3,Plant,105,3,Female,1,0,3,1.5,0,Borderline,30.5,,Lactating,0,1,1,,21/01/2020,150,1,2020,Jan,Jan-20,FALSE,,1,Rainy,Noplant,0,0,0
PC3,Plant,106,4,Female,0,0,2,2,0,Healthy,44,,Lactating,1,,15,,15/05/2021,,480,2021,May,May-21,480,,1,Dry,Terminalia,10,4+,4+
PC3,Plant,107,4,Female,0,0,2,1,0,Sick,31.3,12.4,Notlactating,0,0,7,,25/08/2020,,217,2020,Aug,Aug-20,,,2,Dry,Noplant,0,0,0
PC3,Plant,108,2.5,Male,0,0,2,2.5,0,Healthy,42.2,,,,0,10,,30/11/2020,,314,2020,Nov,Nov-20,FALSE,,1,Rainy,Terminalia,2,2,2
PC3,Plant,109,3.5,Female,0,0,2,2,0,Healthy,40.8,,Lactating,1,,15,newborn,15/05/2021,,480,2021,May,May-21,480,,1,Dry,Terminalia,7,4+,4+
PC3,Plant,110,3.5,Female,0,0,3,2,0,Borderline,42.2,,Lactating,1,1,15,,15/05/2021,1600,480,2021,May,May-21,480,,1,Dry,Terminalia,2,2,2
PC3,Plant,111,3,Female,0,0,4,1.5,0,Sick,35,,Lactating,0,1,1,,21/01/2020,150,1,2020,Jan,Jan-20,,,2,Rainy,Noplant,0,0,0
PC3,Plant,112,2,Male,0,0,3,2.5,0,Borderline,36.7,,,,0,10,,30/11/2020,,314,2020,Nov,Nov-20,FALSE,,1,Rainy,Terminalia,2,2,2
PC3,Plant,113,4,Female,0,0,2,2,0,Healthy,38.1,,Notlactating,0,,15,,15/05/2021,,480,2021,May,May-21,480,,1,Dry,Terminalia,4,4+,4+
PC3,Plant,114,4,Female,0,0,4,1.5,0,Sick,35.4,6.8,Lactating,0,0,9,,02/11/2020,600,286,2020,Nov,Nov-20,,,2,Rainy,Terminalia,4,4+,4+
PC3,Plant,115,4,Female,1,0,3,1.5,0,Borderline,34.5,,Lactating,1,1,15,,15/05/2021,1150,480,2021,May,May-21,480,,1,Dry,Terminalia,7,4+,4+
PC3,Plant,116,3.5,Female,0,0,3,1.5,0,Borderline,32.6,,Lactating,1,1,15,,15/05/2021,2400,480,2021,May,May-21,480,,1,Dry,Terminalia,10,4+,4+
PC3,Plant,117,1.5,Male,1,0,1,3,0,Healthy,39.5,,,,1,4,,27/05/2020,250,127,2020,May,May-20,FALSE,,1,Dry,Noplant,0,0,0
PC3,Plant,118,2.5,Female,0,0,2,2,0,Healthy,28.6,,Notlactating,0,,15,,15/05/2021,,480,2021,May,May-21,480,,1,Dry,Terminalia,4,4+,4+
PC3,Plant,119,3.5,Female,0,0,2,3,0,Healthy,45.8,,Lactating,1,,14,,15/05/2021,,436,2021,May,May-21,436,,1,Dry,Terminalia,6,4+,4+
PC3,Plant,120,1.5,Female,0,0,1,2.5,0,Healthy,28.6,,Pregnant,0,1,4,control,23/06/2020,150,110,2020,Jun,Jun-20,FALSE,,1,Dry,Noplant,0,0,0
PC3,Plant,121,2,Male,0,0,1,2.5,0,Healthy,34.5,,,,,3,,14/04/2021,,61,2021,Apr,Apr-21,FALSE,,1,Dry,Noplant,0,0,0
PC3,Plant,122,1.5,Male,0,0,2,2.5,0,Healthy,32.6,,,,,4,,15/05/2021,,92,2021,May,May-21,92,,1,Dry,Terminalia,1,1,1
PC3,Plant,123,1.5,Female,0,0,2,1.5,0,Healthy,21.8,,Notlactating,0,,4,,15/05/2021,,92,2021,May,May-21,92,,1,Dry,Noplant,0,0,0
PC3,Plant,124,1.5,Female,0,0,4,0.5,0,Sick,19.1,4.7,Pregnant,0,1,1,new goat,12/02/2021,0,1,2021,Feb,Feb-21,,,2,Rainy,Noplant,0,0,0
PC3,Plant,125,1.5,Male,1,0,3,2,0,Borderline,29.9,,,,,4,one miscarried and one very sick due to  dog bites,15/05/2021,,92,2021,May,May-21,92,,1,Dry,Terminalia,1,1,1
PC5,Plant,170,0.5,Male,1,0,3,2,0,Borderline,28.6,,,,,15,,12/05/2021,,474,2021,May,May-21,474,,1,Dry,Viscum,7,4+,4+
PC5,Plant,171,3.5,Female,1,0,4,1.5,0,Sick,34.2,13.6,Lactating,0,1,9,,29/10/2020,900,279,2020,Oct,Oct-20,,,2,Dry,Viscum,3,3,3
PC5,Plant,172,3.5,Female,1,0,2,1,0,Sick,39.5,15.6,Pregnant,0,1,7,,25/08/2020,750,214,2020,Aug,Aug-20,,,2,Dry,Viscum,1,1,1
PC5,Plant,173,4.5,Female,1,0,3,1,0,Borderline,35.4,,Lactating,0,1,7,,25/08/2020,750,214,2020,Aug,Aug-20,FALSE,,1,Dry,Viscum,6,4+,4+
PC5,Plant,174,4,Female,0,0,4,1.5,0,Sick,36.7,,Pregnant,0,1,1,,24/01/2020,2750,1,2020,Jan,Jan-20,,,2,Rainy,Noplant,0,0,0
PC5,Plant,175,1.5,Male,0,0,1,3,0,Healthy,39.5,,,,0,10,,27/11/2020,,308,2020,Nov,Nov-20,FALSE,,1,Rainy,Noplant,0,0,0
PC5,Plant,176,3.5,Female,0,0,4,2,0,Sick,36.7,9.2,Notlactating,0,1,12,,09/02/2021,0,382,2021,Feb,Feb-21,,,2,Rainy,Viscum,7,4+,4+
PC5,Plant,177,3,Female,0,0,2,1,0,Sick,36.7,14.4,Lactating,0,1,7,,25/08/2020,350,214,2020,Aug,Aug-20,,,2,Dry,Viscum,3,3,3
PC5,Plant,178,1,Female,0,0,4,1.5,0,Sick,35.4,,Pregnant,0,1,1,,24/01/2020,500,1,2020,Jan,Jan-20,,,2,Rainy,Noplant,0,0,0
PC5,Plant,179,2.5,Female,0,0,4,2.5,0,Sick,34.8,6.8,Notlactating,0,1,12,,09/02/2021,0,382,2021,Feb,Feb-21,,,2,Rainy,Viscum,4,4+,4+
PC5,Plant,180,2.5,Female,1,0,1,2.5,0,Healthy,29.9,,Notlactating,0,,15,,12/05/2021,,474,2021,May,May-21,474,,1,Dry,Viscum,2,2,2
PC5,Plant,181,4,Female,0,0,4,2.5,0,Sick,38.4,,Lactating,0,1,1,,24/01/2020,3500,1,2020,Jan,Jan-20,,,2,Rainy,Noplant,0,0,0
PC5,Plant,182,1.5,Female,0,0,2,2,0,Healthy,34.2,,Notlactating,0,,15,,12/05/2021,,474,2021,May,May-21,474,,1,Dry,Viscum,4,4+,4+
PC5,Plant,183,1.5,Female,0,0,2,2,0,Healthy,29.9,,Notlactating,0,0,5,,22/06/2020,,150,2020,Jun,Jun-20,FALSE,,1,Dry,Viscum,2,2,2
PC5,Plant,184,1.5,Male,0,0,2,2.5,0,Healthy,35.4,,,,0,3,,17/03/2020,,53,2020,Mar,Mar-20,FALSE,,1,Dry,Noplant,0,0,0
PC5,Plant,185,1.5,Female,1,0,1,2.5,0,Healthy,35.4,,Pregnant,0,1,5,,22/06/2020,200,150,2020,Jun,Jun-20,FALSE,,1,Dry,Noplant,0,0,0
PC5,Plant,186,1.5,Male,0,0,3,2,0,Borderline,27.2,,,,0,1,,24/01/2020,,1,2020,Jan,Jan-20,FALSE,,1,Rainy,Noplant,0,0,0
PC5,Plant,187,1,Male,1,0,1,2.5,0,Healthy,36.7,,,,1,5,control,22/06/2020,50,150,2020,Jun,Jun-20,FALSE,,1,Dry,Noplant,0,0,0
PC5,Plant,188,1.5,Female,0,0,3,2,0,Borderline,34.2,,Notlactating,0,1,15,,12/05/2021,600,474,2021,May,May-21,474,,1,Dry,Viscum,3,3,3
PC5,Plant,189,2,Female,0,0,3,2,0,Borderline,34.2,,Notlactating,0,1,15,,12/05/2021,,474,2021,May,May-21,474,,1,Dry,Viscum,5,4+,4+
PC5,Plant,190,1.5,Female,0,0,3,1.5,0,Borderline,24.5,,Notlactating,0,1,13,,13/03/2021,4500,414,2021,Mar,Mar-21,FALSE,,1,Dry,Viscum,6,4+,4+
PC5,Plant,191,1.5,Female,1,0,2,1,0,Sick,29.9,11.6,Notlactating,0,1,7,,25/08/2020,,214,2020,Aug,Aug-20,,,2,Dry,Viscum,2,2,2
PC5,Plant,192,1,Female,1,0,1,1,0,Sick,25.9,10,Lactating,1,1,2,,22/06/2020,500,30,2020,Jun,Jun-20,,,2,Dry,Noplant,0,0,0
PC5,Plant,193,1,Female,1,0,2,2,0,Healthy,24.9,,Notlactating,0,,4,,12/05/2021,,92,2021,May,May-21,92,,1,Dry,Viscum,1,1,1
PC5,Plant,194,1.5,Female,0,0,2,2.5,0,Healthy,28.6,,Notlactating,0,,4,,12/05/2021,,92,2021,May,May-21,92,,1,Dry,Noplant,0,0,0
PC5,Plant,195,1,Female,0,0,3,2,0,Borderline,39.9,,Notlactating,0,1,4,,12/05/2021,,92,2021,May,May-21,92,,1,Dry,Viscum,1,1,1
PC5,Plant,196,1,Female,0,0,3,2,0,Borderline,21.8,,Notlactating,0,1,4,,12/05/2021,0,92,2021,May,May-21,92,,1,Dry,Viscum,4,4+,4+
PC5,Plant,197,1,Female,0,0,2,2.5,0,Healthy,17.5,,Notlactating,0,,4,,12/05/2021,,92,2021,May,May-21,92,,1,Dry,Viscum,1,1,1
PC5,Plant,198,1.5,Female,0,0,2,2,0,Healthy,25.9,,Notlactating,0,,4,,12/05/2021,,92,2021,May,May-21,92,,1,Dry,Noplant,0,0,0
PC5,Plant,199,1.5,Male,1,0,2,2,0,Healthy,25.9,,,,,4,,12/05/2021,,92,2021,May,May-21,92,,1,Dry,Viscum,1,1,1
PC6,Plant,200,4,Female,1,0,4,1.5,0,Sick,42.2,,Lactating,0,1,1,,27/01/2020,300,1,2020,Jan,Jan-20,,,2,Rainy,Noplant,0,0,0
PC6,Plant,201,3.5,Female,0,0,2,1,0,Sick,45.8,18,Lactating,0,1,2,,11/02/2020,550,15,2020,Feb,Feb-20,,,2,Rainy,Noplant,0,0,0
PC6,Plant,202,3,Female,1,0,4,2,0,Sick,45.8,,Lactating,0,1,1,,27/01/2020,4000,1,2020,Jan,Jan-20,,,2,Rainy,Noplant,0,0,0
PC6,Plant,203,4,Female,0,0,4,2,0,Sick,39.5,,Lactating,0,1,1,,27/01/2020,1100,1,2020,Jan,Jan-20,,,2,Rainy,Noplant,0,0,0
PC6,Plant,204,3.5,Female,0,0,2,2,0,Healthy,42.2,,Lactating,1,0,6,,23/06/2020,,148,2020,Jun,Jun-20,FALSE,,1,Dry,Noplant,0,0,0
PC6,Plant,205,4,Female,0,0,4,1.5,0,Sick,39.5,,Lactating,0,1,1,,27/01/2020,1250,1,2020,Jan,Jan-20,,,2,Rainy,Noplant,0,0,0
PC6,Plant,206,3.5,Female,0,0,4,2,0,Sick,44,,Pregnant,0,1,1,,27/01/2020,,1,2020,Jan,Jan-20,,,2,Rainy,Noplant,0,0,0
PC6,Plant,207,4,Female,0,0,5,1.5,0,Sick,42.2,,Lactating,0,1,1,,27/01/2020,900,1,2020,Jan,Jan-20,,,2,Rainy,Noplant,0,0,0
PC6,Plant,208,2.5,Male,0,0,2,1.5,0,Healthy,54.4,,,,,16,,20/05/2021,,479,2021,May,May-21,479,,1,Dry,Viscum,1,1,1
PC6,Plant,209,2.5,Female,0,0,4,1.5,0,Sick,42.2,16.8,Lactating,1,1,6,,23/06/2020,50,148,2020,Jun,Jun-20,,,2,Dry,Noplant,0,0,0
PC6,Plant,210,2.5,Female,1,0,2,2,0,Sick,36.7,16,Lactating,0,1,2,,11/02/2020,0,15,2020,Feb,Feb-20,,,2,Rainy,Noplant,0,0,0
PC6,Plant,211,3.5,Female,0,0,4,2,0,Sick,42.2,,Lactating,0,1,1,,27/01/2020,100,1,2020,Jan,Jan-20,,,2,Rainy,Noplant,0,0,0
PC6,Plant,212,3,Female,0,0,4,1.5,0,Sick,39.5,,Lactating,0,1,2,,11/02/2020,5650,15,2020,Feb,Feb-20,,,2,Rainy,Noplant,0,0,0
PC6,Plant,213,3.5,Female,1,0,4,1.5,0,Sick,40.8,16,Lactating,2,1,5,newborn,29/05/2020,850,123,2020,May,May-20,,,2,Dry,Viscum,2,2,2
PC6,Plant,214,2,Female,0,0,2,2,0,Sick,29.9,16.8,Lactating,0,0,2,,11/02/2020,,15,2020,Feb,Feb-20,,,2,Rainy,Noplant,0,0,0
PC6,Plant,215,3.5,Female,0,0,4,2,0,Sick,42.2,,Lactating,0,1,2,,11/02/2020,3700,15,2020,Feb,Feb-20,,,2,Rainy,Noplant,0,0,0
PC6,Plant,216,3,Female,1,0,2,2,0,Healthy,38.1,,Pregnant,0,1,6,control,23/06/2020,0,148,2020,Jun,Jun-20,FALSE,,1,Dry,Noplant,0,0,0
PC6,Plant,217,3,Female,0,0,2,2,0,Healthy,44,,Notlactating,0,,14,,16/03/2021,,414,2021,Mar,Mar-21,FALSE,,1,Dry,Viscum,2,2,2
PC6,Plant,218,3.5,Female,0,0,3,2,0,Sick,42.2,19.6,Pregnant,0,1,2,,11/02/2020,0,15,2020,Feb,Feb-20,,,2,Rainy,Noplant,0,0,0
PC6,Plant,219,3.5,Female,0,0,4,1.5,1,Sick,42.2,16.8,Lactating,0,1,9,,27/09/2020,500,244,2020,Sep,Sep-20,,,2,Dry,Viscum,4,4+,4+
PC6,Plant,220,3.5,Female,0,0,4,2,0,Sick,36.7,,Lactating,0,1,1,,27/01/2020,200,1,2020,Jan,Jan-20,,,2,Rainy,Noplant,0,0,0
PC6,Plant,221,2,Male,0,0,1,2,0,Healthy,40.8,,,,1,9,control,27/09/2020,0,244,2020,Sep,Sep-20,FALSE,,1,Rainy,Noplant,0,0,0
PC6,Plant,222,2,Male,0,0,2,2,0,Healthy,36.7,,,,0,6,,23/06/2020,,148,2020,Jun,Jun-20,FALSE,,1,Dry,Viscum,1,1,1
PC6,Plant,223,2,Male,0,0,1,2.5,0,Healthy,39.5,,,,0,5,,29/05/2020,,123,2020,May,May-20,FALSE,,1,Dry,Noplant,0,0,0
PC6,Plant,224,2,Male,0,0,2,2.5,0,Healthy,45.8,,,,,12,,19/01/2021,,358,2021,Jan,Jan-21,FALSE,,1,Rainy,Viscum,1,1,1
PC6,Plant,225,1.5,Male,0,0,3,2,0,Borderline,40.8,,,,,16,,20/05/2021,,479,2021,May,May-21,479,,1,Dry,Viscum,5,4+,4+
PC6,Plant,226,1.5,Male,0,0,1,2.5,0,Healthy,36.7,,,,0,4,,24/03/2020,,57,2020,Mar,Mar-20,FALSE,,1,Dry,Noplant,0,0,0
PC6,Plant,227,2,Male,0,0,2,3,0,Healthy,38.1,,,,0,9,,27/09/2020,,244,2020,Sep,Sep-20,FALSE,,1,Rainy,Noplant,0,0,0
PC6,Plant,228,1.5,Male,0,0,1,2.5,0,Healthy,40.8,,,,,16,,20/05/2021,,479,2021,May,May-21,479,,1,Dry,Noplant,0,0,0
PC6,Plant,229,2,Female,0,0,2,2.5,0,Healthy,32.8,,Notlactating,0,,4,,20/05/2021,,97,2021,May,May-21,97,,1,Dry,Viscum,1,1,1
PC6,Plant,230,4.5,Female,0,0,2,2,0,Healthy,36.7,,Notlactating,0,,3,,16/04/2021,,63,2021,Apr,Apr-21,FALSE,,1,Dry,Noplant,0,0,0
PC6,Plant,231,4.5,Female,0,0,3,2,0,Borderline,36.7,,Notlactating,0,,4,,20/05/2021,0,97,2021,May,May-21,97,,1,Dry,Viscum,4,4+,4+
PC6,Plant,232,3,Female,0,0,2,2,0,Healthy,31.3,,Notlactating,0,,4,,20/05/2021,,97,2021,May,May-21,97,,1,Dry,Noplant,0,0,0
PC7,Plant,240,3.5,Female,1,0,4,1,0,Sick,28.6,11.2,Notlactating,0,0,10,has wounds,30/10/2020,,269,2020,Oct,Oct-20,,,2,Dry,Viscum,7,4+,4+
PC7,Plant,241,3,Female,0,0,2,1,0,Sick,36.7,,Lactating,0,1,8,,26/08/2020,0,204,2020,Aug,Aug-20,,,2,Dry,Viscum,2,2,2
PC7,Plant,242,1.5,Male,1,0,2,2.5,0,Healthy,36.7,,,,0,3,,09/03/2020,,34,2020,Mar,Mar-20,FALSE,,1,Rainy,Noplant,0,0,0
PC7,Plant,243,4.5,Female,1,0,4,2,1,Sick,40.8,16,Lactating,0,1,3,,09/03/2020,50,34,2020,Mar,Mar-20,,,2,Rainy,Noplant,0,0,0
PC7,Plant,244,4.5,Female,1,0,4,1.5,0,Sick,29.9,11.6,Lactating,0,0,1,Wounds sample not collected,04/02/2020,,1,2020,Feb,Feb-20,,,2,Rainy,Noplant,0,0,0
PC7,Plant,245,4.5,Female,1,0,2,2,0,Healthy,34.2,,Notlactating,0,1,11,,30/11/2020,0,300,2020,Nov,Nov-20,FALSE,,1,Rainy,Viscum,4,4+,4+
PC7,Plant,246,3.5,Female,0,0,2,2.5,0,Healthy,31.3,,Notlactating,0,,16,,20/05/2021,,471,2021,May,May-21,471,,1,Dry,Viscum,4,4+,4+
PC7,Plant,247,4.5,Female,0,0,2,1,0,Sick,32.6,12.8,Lactating,0,1,8,,26/08/2020,100,204,2020,Aug,Aug-20,,,2,Dry,Viscum,4,4+,4+
PC7,Plant,248,4.5,Female,0,0,4,2,0,Sick,36.7,,Pregnant,0,1,4,,23/03/2020,,48,2020,Mar,Mar-20,,,2,Rainy,Viscum,2,2,2
PC7,Plant,249,4,Female,0,0,2,1.5,2,Borderline,28.6,,Notlactating,0,1,12,,13/01/2021,,344,2021,Jan,Jan-21,FALSE,,1,Rainy,Viscum,10,4+,4+
PC7,Plant,250,3,Female,0,0,2,2.5,0,Healthy,36.7,,Notlactating,0,,16,,20/05/2021,,471,2021,May,May-21,471,,1,Dry,Viscum,9,4+,4+
PC7,Plant,251,3,Female,1,0,2,1,0,Sick,27.2,,Notlactating,0,0,9,,26/09/2020,,235,2020,Sep,Sep-20,,,2,Dry,Viscum,3,3,3
PC7,Plant,252,4.5,Female,0,0,4,1,0,Sick,39.5,,Notlactating,0,1,1,,04/02/2020,1300,1,2020,Feb,Feb-20,,,2,Rainy,Noplant,0,0,0
PC7,Plant,253,4.5,Female,0,0,3,1,0,Sick,31.3,,Lactating,2,1,8,,26/08/2020,200,204,2020,Aug,Aug-20,,,2,Dry,Viscum,6,4+,4+
PC7,Plant,254,4.5,Female,0,0,2,2,0,Healthy,35.4,,Notlactating,0,,16,,20/05/2021,,471,2021,May,May-21,471,,1,Dry,Viscum,8,4+,4+
PC7,Plant,255,3,Female,0,0,2,1,0,Sick,28.6,,Notlactating,0,1,13,,10/02/2021,1950,372,2021,Feb,Feb-21,,,2,Rainy,Viscum,6,4+,4+
PC7,Plant,256,3,Female,0,0,2,2.5,0,Healthy,35.4,,Lactating,1,,16,,20/05/2021,,471,2021,May,May-21,471,,1,Dry,Viscum,6,4+,4+
PC7,Plant,257,1,Female,0,0,1,3,0,Healthy,27.2,,Lactating,1,,16,,20/05/2021,,471,2021,May,May-21,471,,1,Dry,Viscum,5,4+,4+
PC7,Plant,258,4,Female,1,0,3,1,0,Sick,34.2,,Pregnant,0,1,6,,24/06/2020,550,141,2020,Jun,Jun-20,,,2,Dry,Viscum,1,1,1
PC7,Plant,259,1.5,Female,1,0,3,1,0,Sick,23.1,,Notlactating,0,1,9,,26/09/2020,100,235,2020,Sep,Sep-20,,,2,Dry,Viscum,2,2,2
PC7,Plant,260,4.5,Female,1,0,4,2,1,Sick,35.4,,Notlactating,1,1,4,,23/03/2020,,48,2020,Mar,Mar-20,,,2,Rainy,Viscum,2,2,2
PC7,Plant,261,3,Male,0,0,3,3,0,Sick,49.9,,,,0,7,,28/07/2020,,175,2020,Jul,Jul-20,,,2,Dry,Viscum,1,1,1
PC7,Plant,262,3.5,Male,0,0,4,3,0,Sick,52.2,,,,1,1,,04/02/2020,2400,1,2020,Feb,Feb-20,,,2,Rainy,Noplant,0,0,0
PC7,Plant,263,2,Female,0,0,2,2,0,Healthy,29.9,,Lactating,1,,16,,20/05/2021,,471,2021,May,May-21,471,,1,Dry,Viscum,4,4+,4+
PC7,Plant,264,1.5,Female,0,0,4,1.5,0,Sick,29.9,,Lactating,1,1,6,,24/06/2020,1300,141,2020,Jun,Jun-20,,,2,Dry,Viscum,2,2,2
PC7,Plant,265,1.5,Male,1,0,2,2.5,0,Healthy,35.2,,,,0,5,,28/05/2020,,114,2020,May,May-20,FALSE,,1,Dry,Noplant,0,0,0
PC7,Plant,266,4.5,Male,0,0,2,2,0,Healthy,39.5,,,,1,8,,26/08/2020,100,204,2020,Aug,Aug-20,FALSE,,1,Dry,Viscum,2,2,2
PC7,Plant,267,1.5,Female,0,0,2,2,0,Healthy,27,,Notlactating,0,,12,,13/01/2021,,344,2021,Jan,Jan-21,FALSE,,1,Rainy,Viscum,5,4+,4+
PC7,Plant,268,1,Female,0,0,3,2,0,Borderline,32.6,,Notlactating,0,1,6,,13/01/2021,,169,2021,Jan,Jan-21,FALSE,,1,Rainy,Viscum,3,3,3
PC7,Plant,269,2.5,Female,0,0,3,2,0,Borderline,31.3,,Notlactating,0,1,6,,13/01/2021,0,169,2021,Jan,Jan-21,FALSE,,1,Rainy,Viscum,5,4+,4+
PC9,Plant,270,3.5,Female,0,0,2,2.5,0,Healthy,36.7,,Notlactating,0,,15,,13/05/2021,,455,2021,May,May-21,455,,1,Dry,Terminalia,4,4+,4+
PC9,Plant,271,2.5,Female,0,0,2,2,0,Healthy,32.6,,Notlactating,0,,15,,13/05/2021,,455,2021,May,May-21,455,,1,Dry,Terminalia,2,2,2
PC9,Plant,272,4,Female,0,0,4,2,0,Sick,44,,Notlactating,0,1,1,has wounds at the back,13/02/2020,1100,1,2020,Feb,Feb-20,,,2,Rainy,Noplant,0,0,0
PC9,Plant,273,3.5,Female,0,0,2,2.5,0,Healthy,35.4,,Notlactating,0,,15,,13/05/2021,,455,2021,May,May-21,455,,1,Dry,Terminalia,3,3,3
PC9,Plant,274,4,Female,0,0,4,2.5,1,Sick,49.1,19.6,Pregnant,0,1,2,,06/03/2020,,22,2020,Mar,Mar-20,,,2,Rainy,Noplant,0,0,0
PC9,Plant,275,3.5,Female,1,1,4,2,1,Sick,42.2,16.8,Pregnant,0,1,2,,06/03/2020,,22,2020,Mar,Mar-20,,,2,Rainy,Noplant,0,0,0
PC9,Plant,276,2.5,Female,0,0,2,2,0,Healthy,35.4,,Notlactating,0,,15,,13/05/2021,,455,2021,May,May-21,455,,1,Dry,Terminalia,3,3,3
PC9,Plant,277,3.5,Female,0,0,2,2.5,0,Healthy,28.6,,Notlactating,0,1,8,,28/09/2020,150,228,2020,Sep,Sep-20,FALSE,,1,Rainy,Terminalia,5,4+,4+
PC9,Plant,278,3.5,Female,0,0,2,2,0,Healthy,35.4,,Notlactating,0,,15,,13/05/2021,,455,2021,May,May-21,455,,1,Dry,Terminalia,2,2,2
PC9,Plant,279,2.5,Female,0,1,2,2.5,0,Sick,35.4,14,Notlactating,0,1,8,,28/09/2020,200,228,2020,Sep,Sep-20,,,2,Dry,Terminalia,1,1,1
PC9,Plant,280,1.5,Female,0,0,2,2,0,Healthy,34.2,,Notlactating,0,,15,,13/05/2021,,455,2021,May,May-21,455,,1,Dry,Terminalia,2,2,2
PC9,Plant,281,1,Female,0,0,2,1.5,0,Borderline,20.4,,Notlactating,0,1,8,,28/09/2020,800,228,2020,Sep,Sep-20,FALSE,,1,Rainy,Terminalia,3,3,3
PC9,Plant,282,1,Female,0,0,2,2,0,Healthy,27.2,,Notlactating,0,1,8,,28/09/2020,800,228,2020,Sep,Sep-20,FALSE,,1,Rainy,Terminalia,2,2,2
PC9,Plant,283,1,Female,0,0,2,1.5,0,Borderline,25.4,,Pregnant,0,1,8,,28/09/2020,150,228,2020,Sep,Sep-20,FALSE,,1,Rainy,Terminalia,3,3,3
PC9,Plant,284,1.5,Male,0,0,3,1.5,0,Borderline,31.3,,,,0,5,,22/06/2020,,130,2020,Jun,Jun-20,FALSE,,1,Dry,Terminalia,1,1,1
PC9,Plant,285,1.5,Male,0,0,2,2.5,0,Healthy,40.8,,,,0,8,,28/09/2020,,228,2020,Sep,Sep-20,FALSE,,1,Rainy,Terminalia,3,3,3
PC9,Plant,286,1,Male,0,1,2,2,0,Sick,28.6,3.72,,,0,9,,02/11/2020,,263,2020,Nov,Nov-20,,,2,Rainy,Terminalia,4,4+,4+
PC9,Plant,287,2,Male,0,0,2,2.5,0,Healthy,45.8,,,,,15,,13/05/2021,,455,2021,May,May-21,455,,1,Dry,Terminalia,5,4+,4+
PC9,Plant,288,3.5,Male,0,0,3,3,0,Borderline,42.2,,,,,10,,27/11/2020,,288,2020,Nov,Nov-20,FALSE,,1,Rainy,Terminalia,3,3,3
PC9,Plant,289,3,Male,0,0,3,3.5,0,Borderline,44,,,,,10,,27/11/2020,,288,2020,Nov,Nov-20,FALSE,,1,Rainy,Terminalia,2,2,2
PC9,Plant,290,3.5,Male,0,0,2,3,0,Healthy,65.8,,,,,11,,13/05/2021,,325,2021,May,May-21,325,,1,Dry,Terminalia,1,1,1
PC9,Plant,291,3,Female,0,0,3,2,0,Borderline,32.6,,Notlactating,0,1,4,,13/05/2021,50,92,2021,May,May-21,92,,1,Dry,Terminalia,4,4+,4+
PC9,Plant,292,4.5,Male,0,0,2,3,0,Healthy,65.8,,,,,3,,13/04/2021,,62,2021,Apr,Apr-21,FALSE,,1,Dry,Terminalia,1,1,1
PC9,Plant,293,2,Male,0,0,2,2.5,0,Healthy,36.7,,,,,3,,13/04/2021,,62,2021,Apr,Apr-21,FALSE,,1,Dry,Terminalia,1,1,1
PC9,Plant,294,1.5,Male,0,0,2,2,0,Healthy,34.2,,,,0,1,newgoat,10/02/2021,,1,2021,Feb,Feb-21,FALSE,,1,Rainy,Noplant,0,0,0
PC8,Plant,300,3,Female,0,0,2,1.5,0,Healthy,35.4,,Notlactating,0,,14,,20/04/2021,,439,2021,Apr,Apr-21,FALSE,,1,Dry,Terminalia,7,4+,4+
PC8,Plant,301,1.5,Female,0,0,2,1.5,0,Borderline,29.9,,Notlactating,0,0,8,,03/10/2020,,240,2020,Oct,Oct-20,FALSE,,1,Rainy,Terminalia,4,4+,4+
PC8,Plant,302,1,Female,0,0,2,2.5,0,Healthy,35.4,,Lactating,1,,15,newborn,19/05/2021,,468,2021,May,May-21,468,,1,Dry,Terminalia,5,4+,4+
PC8,Plant,303,4.5,Female,0,0,2,2,0,Healthy,36.7,,Notlactating,0,,15,,19/05/2021,,468,2021,May,May-21,468,,1,Dry,Terminalia,9,4+,4+
PC8,Plant,304,4,Female,0,0,2,2,0,Healthy,36.7,,Lactating,1,,15,newborn,19/05/2021,,468,2021,May,May-21,468,,1,Dry,Terminalia,6,4+,4+
PC8,Plant,305,2.5,Female,0,0,2,2,0,Healthy,36.7,,Notlactating,0,,15,,19/05/2021,,468,2021,May,May-21,468,,1,Dry,Terminalia,2,2,2
PC8,Plant,306,4.5,Female,0,0,2,2,0,Healthy,34.2,,Notlactating,0,,15,,19/05/2021,,468,2021,May,May-21,468,,1,Dry,Terminalia,4,4+,4+
PC8,Plant,307,3,Female,0,0,2,2.5,0,Healthy,45.8,,Lactating,1,,15,,19/05/2021,,468,2021,May,May-21,468,,1,Dry,Terminalia,6,4+,4+
PC8,Plant,308,3.5,Female,1,0,3,1,0,Sick,35.4,14,Notlactating,0,0,8,,03/10/2020,,240,2020,Oct,Oct-20,,,2,Dry,Terminalia,4,4+,4+
PC8,Plant,309,1,Female,0,0,2,1.5,0,Borderline,29.9,,Notlactating,0,0,8,,03/10/2020,,240,2020,Oct,Oct-20,FALSE,,1,Rainy,Terminalia,3,3,3
PC8,Plant,310,3,Female,0,0,4,2.5,0,Sick,47.6,,Lactating,0,1,1,,06/02/2020,850,1,2020,Feb,Feb-20,,,2,Rainy,Noplant,0,0,0
PC8,Plant,311,3,Female,0,0,3,2,0,Borderline,38.1,,Notlactating,0,1,15,,19/05/2021,250,468,2021,May,May-21,468,,1,Dry,Terminalia,9,4+,4+
PC8,Plant,312,3.5,Female,0,0,2,2.5,0,Healthy,36.7,,Notlactating,0,,15,,19/05/2021,,468,2021,May,May-21,468,,1,Dry,Terminalia,8,4+,4+
PC8,Plant,313,3.5,Female,0,0,4,2,0,Sick,35.4,14,Notlactating,0,1,8,,03/10/2020,550,240,2020,Oct,Oct-20,,,2,Dry,Terminalia,4,4+,4+
PC8,Plant,314,4.5,Female,0,0,2,3,0,Healthy,40.1,,Notlactating,0,1,15,,19/05/2021,,468,2021,May,May-21,468,,1,Dry,Terminalia,6,4+,4+
PC8,Plant,315,3.5,Female,0,0,2,3,0,Healthy,40.8,,Notlactating,0,,15,,19/05/2021,,468,2021,May,May-21,468,,1,Dry,Terminalia,2,2,2
PC8,Plant,316,3,Female,0,0,3,2,0,Borderline,40.8,,Lactating,1,1,15,,19/05/2021,0,468,2021,May,May-21,468,,1,Dry,Terminalia,11,4+,4+
PC8,Plant,317,4,Female,1,0,4,2,0,Sick,44,17.6,Pregnant,0,1,5,,23/06/2020,400,138,2020,Jun,Jun-20,,,2,Dry,Terminalia,3,3,3
PC8,Plant,318,1.5,Female,1,0,2,2.5,0,Healthy,29.9,,Notlactating,0,0,1,,06/02/2020,,1,2020,Feb,Feb-20,FALSE,,1,Rainy,Noplant,0,0,0
PC8,Plant,319,1,Female,0,0,2,1,0,Sick,34.2,,Lactating,1,0,8,newborn,03/10/2020,,240,2020,Oct,Oct-20,,,2,Dry,Terminalia,2,2,2
PC8,Plant,320,4.5,Female,0,0,4,2.5,0,Sick,39.5,15.6,Lactating,0,1,2,,09/03/2020,,32,2020,Mar,Mar-20,,,2,Rainy,Noplant,0,0,0
PC8,Plant,321,2,Male,0,0,2,2,0,Healthy,52.2,,,,,14,,20/04/2021,,439,2021,Apr,Apr-21,FALSE,,1,Dry,Terminalia,3,3,3
PC8,Plant,322,4.5,Female,1,0,2,1,0,Sick,34.2,13.6,Lactating,2,1,6,newborn,28/07/2020,,173,2020,Jul,Jul-20,,,2,Dry,Terminalia,1,1,1
PC8,Plant,323,3,Female,0,0,3,1,0,Sick,39.9,,Lactating,2,1,5,,23/06/2020,,138,2020,Jun,Jun-20,,,2,Dry,Noplant,0,0,0
PC8,Plant,324,3.5,Female,0,0,3,1.5,0,Borderline,34.2,,Notlactating,0,1,15,,19/05/2021,250,468,2021,May,May-21,468,,1,Dry,Terminalia,8,4+,4+
PC8,Plant,325,4,Female,0,0,2,1,0,Sick,40,,Notlactating,0,0,8,,03/10/2020,,240,2020,Oct,Oct-20,,,2,Dry,Terminalia,4,4+,4+
PC8,Plant,326,4,Female,0,0,4,1.5,2,Sick,38.1,15.2,Pregnant,0,1,3,skipped treatment until next 14 days,24/03/2020,,47,2020,Mar,Mar-20,,,2,Rainy,Terminalia,1,1,1
PC8,Plant,327,3,Female,0,0,2,2,0,Healthy,38.1,,Notlactating,0,,15,,19/05/2021,,468,2021,May,May-21,468,,1,Dry,Terminalia,9,4+,4+
PC8,Plant,328,4.5,Female,0,0,2,2,0,Healthy,42.2,,Lactating,1,,15,,19/05/2021,,468,2021,May,May-21,468,,1,Dry,Terminalia,10,4+,4+
PC8,Plant,329,3,Female,0,0,4,1.5,0,Sick,34.2,13.6,Notlactating,0,1,8,,03/10/2020,,240,2020,Oct,Oct-20,,,2,Dry,Terminalia,3,3,3
PC8,Plant,330,2,Female,0,0,2,2,0,Healthy,39.5,,Notlactating,0,,15,,19/05/2021,,468,2021,May,May-21,468,,1,Dry,Terminalia,5,4+,4+
PC8,Plant,331,4,Female,0,0,3,1.5,0,Borderline,40.8,,Notlactating,0,1,15,,19/05/2021,650,468,2021,May,May-21,468,,1,Dry,Terminalia,9,4+,4+
PC8,Plant,332,4.5,Female,1,0,5,1.5,1,Sick,34.2,,Notlactating,0,0,1,Wounds sample not collected,06/02/2020,,1,2020,Feb,Feb-20,,,2,Rainy,Noplant,0,0,0
PC8,Plant,333,2,Female,0,0,2,1.5,0,Borderline,31.3,,Lactating,0,0,7,,27/08/2020,,203,2020,Aug,Aug-20,FALSE,,1,Dry,Terminalia,2,2,2
PC8,Plant,334,4.5,Female,1,0,3,1,0,Sick,38.1,15.2,Lactating,1,1,6,,28/07/2020,50,173,2020,Jul,Jul-20,,,2,Dry,Terminalia,2,2,2
PC8,Plant,335,2,Female,0,0,2,2.5,0,Healthy,31.3,,Notlactating,0,0,8,,03/10/2020,,240,2020,Oct,Oct-20,FALSE,,1,Rainy,Terminalia,1,1,1
PC8,Plant,336,3.5,Female,0,0,1,2,0,Healthy,38.1,,Notlactating,0,,15,,19/05/2021,,468,2021,May,May-21,468,,1,Dry,Terminalia,6,4+,4+
PC8,Plant,337,4.5,Female,0,0,3,2,0,Borderline,40.8,,Notlactating,0,1,15,,19/05/2021,250,468,2021,May,May-21,468,,1,Dry,Terminalia,9,4+,4+
PC8,Plant,338,4.5,Female,0,0,3,2,0,Borderline,40.8,,Notlactating,0,1,15,,19/05/2021,450,468,2021,May,May-21,468,,1,Dry,Terminalia,1,1,1
PC8,Plant,339,1,Female,0,0,2,1.5,0,Borderline,25.9,,Lactating,0,0,8,,03/10/2020,,240,2020,Oct,Oct-20,FALSE,,1,Rainy,Terminalia,3,3,3
PC8,Plant,340,3.5,Female,0,0,2,1,0,Sick,31.3,,Notlactating,0,0,3,,27/08/2020,,65,2020,Aug,Aug-20,,,2,Dry,Terminalia,1,1,1
PC8,Plant,341,1.5,Male,0,0,1,2,0,Healthy,35.4,,,,0,3,,27/08/2020,,65,2020,Aug,Aug-20,FALSE,,1,Dry,Noplant,0,0,0
PC8,Plant,342,3.5,Female,0,0,2,2,0,Healthy,32.6,,Notlactating,0,,11,,19/05/2021,,330,2021,May,May-21,330,,1,Dry,Terminalia,6,4+,4+
PC8,Plant,343,4.5,Female,0,0,2,1.5,0,Healthy,38.1,,Notlactating,0,0,8,,10/02/2021,,232,2021,Feb,Feb-21,FALSE,,1,Dry,Terminalia,5,4+,4+
PC8,Plant,344,3.5,Female,0,0,2,2,0,Healthy,38.1,,Lactating,1,,11,,19/05/2021,,330,2021,May,May-21,330,,1,Dry,Terminalia,8,4+,4+
PC8,Plant,345,3.5,Female,0,0,1,2.5,0,Healthy,36.7,,Lactating,1,,11,newborn,19/05/2021,,330,2021,May,May-21,330,,1,Dry,Terminalia,3,3,3
PC8,Plant,346,1.5,Female,0,0,2,2.5,0,Healthy,23.1,,Notlactating,0,0,4,,03/10/2020,,102,2020,Oct,Oct-20,FALSE,,1,Rainy,Noplant,0,0,0
PC8,Plant,347,1.5,Male,0,0,2,2.5,0,Healthy,31.3,,,,,3,,20/04/2021,,69,2021,Apr,Apr-21,FALSE,,1,Dry,Noplant,0,0,0
PC8,Plant,348,2,Male,0,0,2,2.5,0,Healthy,32.6,,,,,4,,19/05/2021,,98,2021,May,May-21,98,,1,Dry,Noplant,0,0,0
PC8,Plant,349,1.5,Male,0,0,1,3,0,Healthy,36.7,,,,,3,,20/04/2021,,69,2021,Apr,Apr-21,FALSE,,1,Dry,Noplant,0,0,0
PC10,Plant,360,1.5,Female,1,0,2,1,3,Sick,28.6,14.2,Lactating,0,1,7,has diahorrea,27/08/2020,800,188,2020,Aug,Aug-20,,,2,Dry,Terminalia,1,1,1
PC10,Plant,361,3.5,Female,1,0,3,1,0,Sick,28.6,,Notlactating,0,1,9,,30/10/2020,800,252,2020,Oct,Oct-20,,,2,Dry,Terminalia,6,4+,4+
PC10,Plant,362,4.5,Female,0,0,4,1.5,0,Sick,32.6,,Pregnant,0,1,12,,13/02/2021,,358,2021,Feb,Feb-21,,,2,Rainy,Terminalia,5,4+,4+
PC10,Plant,363,4,Female,0,0,4,2,0,Sick,44,,Pregnant,0,1,2,,06/03/2020,,14,2020,Mar,Mar-20,,,2,Rainy,Noplant,0,0,0
PC10,Plant,364,2,Female,0,0,4,2,0,Sick,36.7,,Pregnant,0,0,3,has no sample,23/03/2020,,31,2020,Mar,Mar-20,,,2,Rainy,Terminalia,1,1,1
PC10,Plant,365,2,Female,1,0,4,2.5,0,Sick,34.2,,Pregnant,0,0,2,,06/03/2020,,14,2020,Mar,Mar-20,,,2,Rainy,Noplant,0,0,0
PC10,Plant,366,4,Female,0,0,3,2,0,Borderline,38.1,,Notlactating,0,NS,15,,13/05/2021,,447,2021,May,May-21,447,,1,Dry,Terminalia,8,4+,4+
PC10,Plant,367,2,Female,0,0,2,2.5,0,Healthy,31.3,,Notlactating,0,,15,,13/05/2021,,447,2021,May,May-21,447,,1,Dry,Terminalia,5,4+,4+
PC10,Plant,368,1.5,Female,1,0,2,2.5,0,Healthy,35.4,,Notlactating,0,,15,,13/05/2021,,447,2021,May,May-21,447,,1,Dry,Terminalia,3,3,3
PC10,Plant,369,3.5,Female,0,0,2,2.5,0,Healthy,32.6,,Notlactating,0,,15,,13/05/2021,,447,2021,May,May-21,447,,1,Dry,Terminalia,2,2,2
PC10,Plant,370,1.5,Female,0,0,1,1.5,0,Healthy,29.9,,Notlactating,0,,15,,13/05/2021,,447,2021,May,May-21,447,,1,Dry,Terminalia,4,4+,4+
PC10,Plant,371,2,Female,0,0,3,2,0,Borderline,35.4,,Notlactating,0,1,15,,13/05/2021,550,447,2021,May,May-21,447,,1,Dry,Terminalia,12,4+,4+
PC10,Plant,372,3.5,Female,0,0,3,1,2,Sick,32.6,,Lactating,0,1,9,,30/10/2020,0,252,2020,Oct,Oct-20,,,2,Dry,Terminalia,1,1,1
PC10,Plant,373,1.5,Female,0,0,2,1,0,Sick,31.3,,Lactating,1,1,5,,23/06/2020,100,123,2020,Jun,Jun-20,,,2,Dry,Terminalia,2,2,2
PC10,Plant,374,3.5,Female,0,0,3,1.5,4,Sick,36.7,,Notlactating,0,0,9,,30/10/2020,,252,2020,Oct,Oct-20,,,2,Dry,Terminalia,5,4+,4+
PC10,Plant,375,2,Female,0,0,2,2,0,Healthy,38.1,,Notlactating,0,,15,,13/05/2021,,447,2021,May,May-21,447,,1,Dry,Terminalia,5,4+,4+
PC10,Plant,376,4,Female,0,0,4,1,0,Sick,38.1,,Notlactating,0,1,8,,26/09/2020,300,218,2020,Sep,Sep-20,,,2,Dry,Terminalia,5,4+,4+
PC10,Plant,377,3.5,Female,0,0,2,1,0,Sick,35.4,,Notlactating,0,1,7,,27/08/2020,1700,188,2020,Aug,Aug-20,,,2,Dry,Terminalia,2,2,2
PC10,Plant,378,3.5,Female,0,0,4,1.5,0,Sick,31.3,,Notlactating,0,1,9,,30/10/2020,1150,252,2020,Oct,Oct-20,,,2,Dry,Terminalia,3,3,3
PC10,Plant,379,4,Female,0,0,2,1,0,Sick,35.4,,Pregnant,0,1,6,,27/07/2020,100,157,2020,Jul,Jul-20,,,2,Dry,Terminalia,2,2,2
PC10,Plant,380,4,Female,0,0,2,2,0,Healthy,35.4,,Lactating,1,,15,,13/05/2021,,447,2021,May,May-21,447,,1,Dry,Terminalia,7,4+,4+
PC10,Plant,381,3,Female,0,0,2,2,0,Healthy,34.2,,Notlactating,0,,15,,13/05/2021,,447,2021,May,May-21,447,,1,Dry,Terminalia,8,4+,4+
PC10,Plant,382,1.5,Female,1,0,3,1,2,Sick,28.6,11.2,Notlactating,0,1,7,,27/08/2020,,188,2020,Aug,Aug-20,,,2,Dry,Terminalia,2,2,2
PC10,Plant,383,2,Male,0,0,2,2.5,0,Healthy,42.2,,,,,15,,13/05/2021,,447,2021,May,May-21,447,,1,Dry,Terminalia,2,2,2
PC10,Plant,384,1.5,Female,0,0,4,1.5,4,Sick,31.3,,Notlactating,0,0,9,,30/10/2020,,252,2020,Oct,Oct-20,,,2,Dry,Terminalia,2,2,2
PC10,Plant,385,1.5,Male,0,0,2,2.5,0,Healthy,29.9,,,,,11,,14/01/2021,,328,2021,Jan,Jan-21,FALSE,,1,Rainy,Terminalia,2,2,2
PC10,Plant,386,2,Male,1,0,3,1.5,0,Borderline,24.5,,,,,15,,13/05/2021,,447,2021,May,May-21,447,,1,Dry,Terminalia,10,4+,4+
PC10,Plant,387,1.5,Male,0,0,4,1.5,2,Sick,28.6,,,,0,12,,13/02/2021,,358,2021,Feb,Feb-21,,,2,Rainy,Terminalia,5,4+,4+
PC10,Plant,388,2,Male,1,0,3,2,0,Borderline,35.4,,,,,15,,13/05/2021,,447,2021,May,May-21,447,,1,Dry,Terminalia,9,4+,4+
PC10,Plant,389,3.5,Male,1,0,2,3,0,Sick,45.8,11.5,,,,13,,15/03/2021,,388,2021,Mar,Mar-21,,,2,Rainy,Noplant,0,0,0
PC10,Plant,390,2,Male,1,0,3,3,0,Borderline,44,,,,,15,,13/05/2021,,447,2021,May,May-21,447,,1,Dry,Terminalia,1,1,1
PC10,Plant,391,2.5,Male,0,0,3,2,3,Borderline,35.4,,,,,15,,13/05/2021,,447,2021,May,May-21,447,,1,Dry,Terminalia,6,4+,4+
PC10,Plant,392,1,Female,0,0,2,1,2,Sick,19.1,,Notlactating,0,0,2,not treated beacuse its not yet vaccinated,27/08/2020,,31,2020,Aug,Aug-20,,,2,Dry,Noplant,0,0,0
PC10,Plant,393,2,Female,0,0,3,2.5,0,Borderline,31.3,,Lactating,1,1,10,,13/05/2021,0,290,2021,May,May-21,290,,1,Dry,Terminalia,2,2,2
PC10,Plant,394,1,Female,0,0,2,2,0,Healthy,23.1,,Notlactating,0,,4,,13/05/2021,,89,2021,May,May-21,89,,1,Dry,Terminalia,1,1,1
PC10,Plant,395,1,Female,0,0,4,1,2,Sick,19.1,4.5,Notlactating,0,1,2,,15/03/2021,0,30,2021,Mar,Mar-21,,,2,Rainy,Noplant,0,0,0
PC10,Plant,396,1,Female,0,0,2,2,0,Healthy,21.8,,Notlactating,0,,4,,13/05/2021,,89,2021,May,May-21,89,,1,Dry,Noplant,0,0,0
PC10,Plant,397,1,Female,0,0,2,2,0,Healthy,25.9,,Notlactating,0,0,1,newgoat,13/02/2021,,1,2021,Feb,Feb-21,FALSE,,1,Rainy,Noplant,0,0,0
PC10,Plant,398,1.5,Male,1,0,3,2,0,Borderline,25.9,,,,,4,,13/05/2021,,89,2021,May,May-21,89,,1,Dry,Terminalia,3,3,3
PC10,Plant,399,1.5,Male,0,0,3,2,0,Borderline,25.9,,,,,4,No many changes 7 new kids,13/05/2021,,89,2021,May,May-21,89,,1,Dry,Terminalia,3,3,3
PC11,Plant,400,4,Female,1,0,4,1.5,0,Sick,31.3,12.4,Lactating,0,1,6,,26/08/2020,,187,2020,Aug,Aug-20,,,2,Dry,Terminalia,4,4+,4+
PC11,Plant,401,4,Female,1,0,2,1,0,Sick,36.7,,Lactating,2,1,5,newborn two kids,28/07/2020,100,158,2020,Jul,Jul-20,,,2,Dry,Terminalia,1,1,1
PC11,Plant,402,2.5,Female,0,0,2,2,0,Healthy,32.6,,Notlactating,0,0,7,,25/09/2020,,217,2020,Sep,Sep-20,FALSE,,1,Dry,Terminalia,1,1,1
PC11,Plant,403,4.5,Female,1,0,4,1,0,Sick,32.6,12.8,Lactating,0,1,6,,26/08/2020,,187,2020,Aug,Aug-20,,,2,Dry,Terminalia,1,1,1
PC11,Plant,404,3.5,Female,0,0,2,2,0,Healthy,38.1,,Notlactating,0,,14,,13/05/2021,,447,2021,May,May-21,447,,1,Dry,Terminalia,8,4+,4+
PC11,Plant,405,1,Female,0,0,2,1.5,0,Healthy,31.3,,Notlactating,0,,14,,13/05/2021,,447,2021,May,May-21,447,,1,Dry,Terminalia,2,2,2
PC11,Plant,406,4,Female,0,0,,1.5,0,Healthy,32.6,,Notlactating,0,1,14,no famacha,13/05/2021,750,447,2021,May,May-21,447,,1,Dry,Terminalia,1,1,1
PC11,Plant,407,2,Female,0,0,3,2.5,0,Borderline,27.9,,Notlactating,0,1,14,,13/05/2021,250,447,2021,May,May-21,447,,1,Dry,Terminalia,7,4+,4+
PC11,Plant,408,2.5,Male,0,0,2,2,0,Healthy,34.2,,,,0,2,,23/03/2020,,31,2020,Mar,Mar-20,FALSE,,1,Dry,Noplant,0,0,0
PC11,Plant,409,3.5,Female,1,0,2,2.5,0,Healthy,40.8,,Notlactating,0,,14,,13/05/2021,,447,2021,May,May-21,447,,1,Dry,Terminalia,1,1,1
PC11,Plant,410,1.5,Male,0,0,1,2,0,Healthy,35.4,,,,0,4,,24/06/2020,,124,2020,Jun,Jun-20,FALSE,,1,Dry,Noplant,0,0,0
PC11,Plant,411,3,Female,1,0,2,2.5,0,Healthy,38.1,,Notlactating,0,0,1,,21/02/2020,,1,2020,Feb,Feb-20,FALSE,,1,Rainy,Noplant,0,0,0
PC11,Plant,412,4,Female,0,0,4,1.5,1,Sick,39.5,,Notlactating,0,1,1,,21/02/2020,0,1,2020,Feb,Feb-20,,,2,Rainy,Noplant,0,0,0
PC11,Plant,413,2.5,Male,1,0,2,2.5,0,Healthy,44,,,,,14,,13/05/2021,,447,2021,May,May-21,447,,1,Dry,Terminalia,7,4+,4+
PC11,Plant,414,2,Male,0,0,2,3,0,Healthy,47.6,,,,,14,,13/05/2021,,447,2021,May,May-21,447,,1,Dry,Noplant,0,0,0
PC11,Plant,415,1.5,Male,1,0,2,3,0,Healthy,39.5,,,,,9,,28/11/2020,,281,2020,Nov,Nov-20,FALSE,,1,Rainy,Noplant,0,0,0
PC11,Plant,416,3.5,Female,1,0,4,1.5,0,Sick,35.4,14,Notlactating,0,1,7,,25/09/2020,0,217,2020,Sep,Sep-20,,,2,Dry,Terminalia,2,2,2
PC11,Plant,417,1.5,Male,0,0,3,2.5,0,Borderline,40.8,,,,,12,,15/03/2021,,388,2021,Mar,Mar-21,FALSE,,1,Dry,Terminalia,6,4+,4+
PC11,Plant,418,3,Female,1,0,2,1,0,Sick,32.6,,Lactating,0,0,6,,26/08/2020,,187,2020,Aug,Aug-20,,,2,Dry,Terminalia,2,2,2
PC11,Plant,419,1,Male,0,0,3,3,0,Borderline,44,,,,,14,,13/05/2021,,447,2021,May,May-21,447,,1,Dry,Terminalia,3,3,3
PC11,Plant,420,2.5,Male,0,0,2,2.5,0,Healthy,42.2,,,,,11,,10/02/2021,,355,2021,Feb,Feb-21,FALSE,,1,Dry,Terminalia,5,4+,4+
PC11,Plant,421,4.5,Female,0,0,3,1,0,Sick,34.2,13.6,Pregnant,0,1,4,,24/06/2020,400,124,2020,Jun,Jun-20,,,2,Dry,Terminalia,2,2,2
PC11,Plant,422,2,Male,0,0,2,2.5,0,Healthy,38.1,,,,,14,,13/05/2021,,447,2021,May,May-21,447,,1,Dry,Noplant,0,0,0
PC11,Plant,423,4.5,Female,1,0,3,1,0,Sick,40.8,16,Notlactating,0,1,7,,25/09/2020,400,217,2020,Sep,Sep-20,,,2,Dry,Terminalia,3,3,3
PC11,Plant,424,4,Female,0,0,3,2.5,0,Borderline,31.3,,Notlactating,0,1,14,,13/05/2021,300,447,2021,May,May-21,447,,1,Dry,Terminalia,4,4+,4+
PC11,Plant,425,4,Female,1,0,2,1,0,Sick,39.5,15.6,Lactating,2,1,5,,28/07/2020,250,158,2020,Jul,Jul-20,,,2,Dry,Terminalia,2,2,2
PC11,Plant,426,2,Male,0,0,3,3,0,Borderline,54.4,,,,1,14,,13/05/2021,,447,2021,May,May-21,447,,1,Dry,Terminalia,4,4+,4+
PC11,Plant,427,3.5,Female,0,0,2,2.5,0,Healthy,40.8,,Notlactating,0,,12,,15/03/2021,,388,2021,Mar,Mar-21,FALSE,,1,Dry,Terminalia,3,3,3
PC11,Plant,428,3,Female,1,0,4,2,1,Sick,36.7,,Notlactating,0,1,1,,21/02/2020,,1,2020,Feb,Feb-20,,,2,Rainy,Noplant,0,0,0
PC11,Plant,429,3.5,Female,1,0,4,1,0,Sick,35.4,,Notlactating,0,1,8,,30/10/2020,0,252,2020,Oct,Oct-20,,,2,Dry,Terminalia,6,4+,4+
PC11,Plant,430,3.5,Female,1,0,4,1,0,Sick,34.2,13.6,Lactating,0,1,6,,26/08/2020,,187,2020,Aug,Aug-20,,,2,Dry,Terminalia,2,2,2
PC11,Plant,431,4.5,Female,1,0,4,1.5,0,Sick,38.1,15.2,Lactating,0,1,6,,26/08/2020,,187,2020,Aug,Aug-20,,,2,Dry,Terminalia,3,3,3
PC11,Plant,432,4.5,Female,0,0,3,2,0,Borderline,31.3,,Notlactating,0,,12,Nosample,15/03/2021,,388,2021,Mar,Mar-21,FALSE,,1,Dry,Terminalia,4,4+,4+
PC11,Plant,433,4,Female,1,0,4,2,0,Sick,42.2,16.8,Pregnant,0,1,2,,23/03/2020,100,31,2020,Mar,Mar-20,,,2,Rainy,Noplant,0,0,0
PC11,Plant,434,3,Female,1,0,2,1.5,0,Healthy,36.7,,Notlactating,0,,14,,13/05/2021,150,447,2021,May,May-21,447,,1,Dry,Terminalia,8,4+,4+
PC11,Plant,435,3,Female,0,0,2,2.5,0,Healthy,35.2,,Lactating,0,,14,,13/05/2021,,447,2021,May,May-21,447,,1,Dry,Terminalia,1,1,1
PC11,Plant,436,4,Female,0,0,3,2.5,0,Borderline,35.4,,Notlactating,0,1,14,,13/05/2021,100,447,2021,May,May-21,447,,1,Dry,Terminalia,3,3,3
PC11,Plant,437,2.5,Male,0,0,2,3,0,Healthy,44,,,,,14,,13/05/2021,,447,2021,May,May-21,447,,1,Dry,Noplant,0,0,0
PC11,Plant,438,4.5,Female,0,0,4,1.5,0,Sick,34.2,13.6,Notlactating,0,1,7,,25/09/2020,50,217,2020,Sep,Sep-20,,,2,Dry,Terminalia,4,4+,4+
PC11,Plant,439,3.5,Female,0,0,3,1,0,Sick,32.6,,Notlactating,0,1,8,,30/10/2020,800,252,2020,Oct,Oct-20,,,2,Dry,Terminalia,4,4+,4+
PC11,Plant,440,4,Male,1,0,2,3,0,Healthy,44,,,,,9,,28/11/2020,,281,2020,Nov,Nov-20,FALSE,,1,Rainy,Terminalia,4,4+,4+
PC11,Plant,441,3.5,Female,1,0,4,1.5,0,Sick,40.8,16,Notlactating,0,0,7,,25/09/2020,,217,2020,Sep,Sep-20,,,2,Dry,Terminalia,4,4+,4+
PC11,Plant,442,4,Female,0,0,3,1.5,0,Borderline,39.5,,Notlactating,0,1,8,,30/10/2020,0,252,2020,Oct,Oct-20,FALSE,,1,Rainy,Terminalia,6,4+,4+
PC11,Plant,443,1.5,Male,0,0,2,2.5,0,Healthy,49.9,,,,,14,,13/05/2021,,447,2021,May,May-21,447,,1,Dry,Noplant,0,0,0
PC11,Plant,444,1,Female,0,0,2,2,0,Healthy,35.4,,Notlactating,0,0,11,,10/02/2021,,355,2021,Feb,Feb-21,FALSE,,1,Dry,Noplant,0,0,0
PC11,Plant,445,4.5,Female,1,0,3,2,0,Borderline,39.5,,Notlactating,0,1,14,,13/05/2021,450,447,2021,May,May-21,447,,1,Dry,Terminalia,11,4+,4+
PC11,Plant,446,1.5,Female,0,0,2,2.5,0,Healthy,34.2,,Lactating,1,0,7,newborn,25/09/2020,,217,2020,Sep,Sep-20,FALSE,,1,Dry,Noplant,0,0,0
PC11,Plant,447,0.5,Male,0,0,2,2.5,0,Healthy,35.4,,,,,14,,13/05/2021,,447,2021,May,May-21,447,,1,Dry,Noplant,0,0,0
PC11,Plant,448,1.5,Male,0,0,2,3.5,0,Healthy,45.8,,,,,14,,13/05/2021,,447,2021,May,May-21,447,,1,Dry,Noplant,0,0,0
PC11,Plant,449,2,Male,0,0,2,2,0,Healthy,39.5,,,,,13,,14/04/2021,,418,2021,Apr,Apr-21,FALSE,,1,Dry,Terminalia,2,2,2
PC11,Plant,450,1.5,Male,0,0,2,2.5,0,Healthy,36.7,,,,0,7,,25/09/2020,,217,2020,Sep,Sep-20,FALSE,,1,Dry,Noplant,0,0,0
PC11,Plant,451,1.5,Male,0,0,2,3,0,Healthy,35.4,,,,,14,,13/05/2021,,447,2021,May,May-21,447,,1,Dry,Terminalia,3,3,3
PC11,Plant,452,1.5,Male,0,0,4,1,0,Sick,24.5,,,,,2,,15/03/2021,,33,2021,Mar,Mar-21,,,2,Rainy,Noplant,0,0,0
PC5,Plant,1895,3,Female,0,0,1,2,0,Healthy,28.6,,Notlactating,0,,1,new goat,12/04/2021,,1,2021,Apr,Apr-21,FALSE,,1,Dry,Noplant,0,0,0
PC5,Plant,2005,1.5,Female,1,0,2,1.5,0,Healthy,23.1,,Notlactating,0,,4,,12/05/2021,,92,2021,May,May-21,92,,1,Dry,Noplant,0,0,0
PC6,Plant,2006,3.5,Female,0,0,4,2,0,Sick,39.5,8,Pregnant,0,1,2,,19/01/2021,2450,46,2021,Jan,Jan-21,,,2,Rainy,Noplant,0,0,0
PC5,Plant,2015,1.5,Female,0,0,3,1.5,1,Borderline,21.8,,Notlactating,0,1,4,,12/05/2021,,92,2021,May,May-21,92,,1,Dry,Viscum,2,2,2
PC5,Plant,2025,1,Female,0,0,2,2,0,Healthy,20.4,,Notlactating,0,,4,,12/05/2021,,92,2021,May,May-21,92,,1,Dry,Noplant,0,0,0
PC5,Plant,2035,1,Female,0,0,2,2,0,Healthy,25.4,,Notlactating,0,,4,,12/05/2021,,92,2021,May,May-21,92,,1,Dry,Noplant,0,0,0
PC5,Plant,2045,1.5,Female,1,0,1,1.5,0,Healthy,21.8,,Notlactating,0,,4,,12/05/2021,,92,2021,May,May-21,92,,1,Dry,Viscum,1,1,1
PC5,Plant,2055,3,Female,0,0,4,1.5,0,Sick,28.6,7.2,Lactating,1,1,3,,12/04/2021,50,62,2021,Apr,Apr-21,,,2,Dry,Noplant,0,0,0
PC5,Plant,2065,1,Female,0,0,2,2,0,Healthy,21.8,,Notlactating,0,,1,new goat,09/02/2021,,1,2021,Feb,Feb-21,FALSE,,1,Rainy,Noplant,0,0,0
PC7,Plant,2707,3.5,Female,1,0,4,1,0,Sick,29.9,,Lactating,1,1,1,new goats need to be vaccinated,28/07/2020,250,1,2020,Jul,Jul-20,,,2,Dry,Noplant,0,0,0
PC7,Plant,2717,2,Female,0,0,1,2.5,0,Healthy,28.6,,Lactating,1,,4,,20/05/2021,,99,2021,May,May-21,99,,1,Dry,Noplant,0,0,0
PC7,Plant,2727,1.5,Male,0,0,2,2.5,0,Healthy,36.7,,,,,4,,20/05/2021,,99,2021,May,May-21,99,,1,Dry,Noplant,0,0,0
PC7,Plant,2737,3,Female,0,0,2,2.5,0,Healthy,31.3,,Lactating,0,,4,farmer not available to perform FPC,20/05/2021,,99,2021,May,May-21,99,,1,Dry,Noplant,0,0,0
PC1,Plant,3112,1.5,Female,0,0,2,1.5,0,Healthy,25.4,,Notlactating,0,,2,No many changes ,19/05/2021,,37,2021,May,May-21,37,,1,Dry,Viscum,1,1,1
PC8,Plant,3278,4.5,Female,0,0,2,2.5,0,Healthy,39.5,,Notlactating,0,,6,"Sold 2males and 1 female, bought 7 goats",19/05/2021,,170,2021,May,May-21,170,,1,Dry,Terminalia,4,4+,4+
PC11,Plant,42711,4.5,Male,1,0,2,,0,Healthy,35.4,,Notlactating,0,,8,NO BCS,14/04/2021,,231,2021,Apr,Apr-21,FALSE,,1,Dry,Terminalia,1,1,1
PC11,Plant,43911,4.5,Female,1,0,2,2,0,Healthy,34.2,,Notlactating,0,,4,Not much on herd changes,13/05/2021,,92,2021,May,May-21,92,,1,Dry,Noplant,0,0,0
PC11,Plant,44411,2,Female,0,0,2,2.5,0,Healthy,36.7,,Notlactating,0,,1,,13/01/2021,,1,2021,Jan,Jan-21,FALSE,,1,Rainy,Noplant,0,0,0
DC1,Drug,1,3,Female,1,0,4,1,0,Sick,38.1,,Notlactating,0,1,1,,23/01/2020,2000,1,2020,Jan,Jan-20,FALSE,0,2,Rainy,Noplantdrug,0,0,0
DC1,Drug,2,4,Female,0,0,4,2,0,Sick,49.9,19.6,Notlactating,0,0,1,,30/05/2020,,1,2020,May,May-20,FALSE,0,2,Dry,Noplantdrug,0,0,0
DC1,Drug,3,4,Male,0,0,3,2,0,Borderline,42.2,,,0,0,5,,26/06/2020,400,155,2020,Jun,Jun-20,FALSE,,1,Dry,Noplantdrug,3,0,3
DC1,Drug,4,3.5,Female,1,0,4,1.5,0,Sick,29.9,,Notlactating,0,1,2,,29/02/2020,200,37,2020,Feb,Feb-20,FALSE,37,2,Rainy,Noplantdrug,0,0,0
DC1,Drug,5,3.5,Female,1,0,3,1,1,Sick,39.5,,Lactating,0,0,1,,23/01/2020,,1,2020,Jan,Jan-20,FALSE,0,2,Rainy,Noplantdrug,0,0,0
DC1,Drug,6,2.5,Female,0,0,3,2,0,Borderline,42.2,,Notlactating,0,0,1,,23/01/2020,,1,2020,Jan,Jan-20,FALSE,,1,Rainy,Noplantdrug,0,0,0
DC1,Drug,7,3,Female,0,0,4,2,0,Sick,34.2,,Pregnant,0,1,1,,23/01/2020,4850,1,2020,Jan,Jan-20,FALSE,0,2,Rainy,Noplantdrug,0,0,0
DC1,Drug,9,2.5,Female,1,0,4,2,2,Sick,34.2,,Pregnant,0,1,1,,23/01/2020,0,1,2020,Jan,Jan-20,FALSE,0,2,Rainy,Noplantdrug,0,0,0
DC1,Drug,11,3.5,Female,1,0,4,1.5,0,Sick,39.5,,Notlactating,0,1,7,,28/08/2020,150,218,2020,Aug,Aug-20,FALSE,218,2,Dry,Noplantdrug,5,0,4+
DC1,Drug,12,4.5,Female,1,0,4,2,0,Sick,42.2,,Pregnant,0,1,1,,23/01/2020,2600,1,2020,Jan,Jan-20,FALSE,0,2,Rainy,Noplantdrug,0,0,0
DC1,Drug,13,1.5,Female,0,0,2,2,0,Healthy,29.9,,Notlactating,0,1,11,leg wounded,15/01/2021,650,358,2021,Jan,Jan-21,FALSE,,1,Rainy,Noplantdrug,5,0,4+
DC1,Drug,14,3.5,Female,1,0,4,2,0,Sick,36.7,,Notlactating,0,1,1,,23/01/2020,7950,1,2020,Jan,Jan-20,FALSE,0,2,Rainy,Noplantdrug,0,0,0
DC1,Drug,15,4,Female,1,0,4,2.5,1,Sick,45.8,18,Pregnant,0,1,3,,18/03/2020,,55,2020,Mar,Mar-20,FALSE,55,2,Rainy,Noplantdrug,1,0,1
DC1,Drug,16,3.5,Female,1,0,4,1.5,0,Sick,38.1,,Notlactating,0,0,1,,23/01/2020,7200,1,2020,Jan,Jan-20,FALSE,0,2,Rainy,Noplantdrug,0,0,0
DC1,Drug,17,3,Female,1,0,4,2,0,Sick,39.5,,Pregnant,0,0,2,,29/02/2020,,37,2020,Feb,Feb-20,FALSE,37,2,Rainy,Noplantdrug,0,0,0
DC1,Drug,18,1.5,Female,0,0,3,1.5,0,Borderline,39.9,,Pregnant,0,,15,,21/05/2021,,484,2021,May,May-21,484,,1,Dry,Noplantdrug,9,0,4+
DC1,Drug,19,1.5,Male,1,0,2,2,0,Healthy,27.2,,,,0,10,,01/12/2020,,313,2020,Dec,Dec-20,FALSE,,1,Rainy,Noplantdrug,4,0,4+
DC1,Drug,20,2,Male,1,0,4,2,0,Sick,28.6,,,0,0,1,,23/01/2020,,1,2020,Jan,Jan-20,FALSE,0,2,Rainy,Noplantdrug,0,0,0
DC1,Drug,21,1.5,Male,1,0,4,2,0,Sick,35.4,,,0,0,1,,23/01/2020,,1,2020,Jan,Jan-20,FALSE,0,2,Rainy,Noplantdrug,0,0,0
DC1,Drug,22,3,Female,1,0,4,2,0,Sick,34.2,8.6,Lactating,1,1,13,newborn,18/03/2021,1250,420,2021,Mar,Mar-21,FALSE,420,2,Rainy,Noplantdrug,4,0,4+
DC1,Drug,23,3.5,Male,0,0,1,3,0,Healthy,32.6,,,0,0,2,,29/02/2020,,37,2020,Feb,Feb-20,FALSE,,1,Rainy,Noplantdrug,0,0,0
DC1,Drug,24,3.5,Female,0,1,4,2.5,0,Sick,45.8,,Pregnant,0,1,1,,23/01/2020,1850,1,2020,Jan,Jan-20,FALSE,0,2,Rainy,Noplantdrug,0,0,0
DC1,Drug,25,1,Female,0,0,2,2.5,0,Healthy,32.6,,Notlactating,0,0,1,,23/01/2020,,1,2020,Jan,Jan-20,FALSE,,1,Rainy,Noplantdrug,0,0,0
DC1,Drug,26,3.5,Male,1,0,4,2.5,0,Sick,40.8,,,0,0,1,,23/01/2020,,1,2020,Jan,Jan-20,FALSE,0,2,Rainy,Noplantdrug,0,0,0
DC1,Drug,27,3.5,Female,0,0,4,2,0,Sick,35.4,14,Lactating,1,1,5,,26/06/2020,50,155,2020,Jun,Jun-20,FALSE,155,2,Dry,Noplantdrug,2,0,2
DC1,Drug,28,4,Female,0,0,4,3,1,Sick,40.8,16,Pregnant,0,1,2,,29/02/2020,0,37,2020,Feb,Feb-20,FALSE,37,2,Rainy,Noplantdrug,0,0,0
DC1,Drug,29,3.5,Female,0,0,3,2,0,Borderline,39.5,,Notlactating,0,0,1,,23/01/2020,,1,2020,Jan,Jan-20,FALSE,,1,Rainy,Noplantdrug,0,0,0
DC1,Drug,30,1.5,Female,0,0,2,1.5,0,Healthy,27.2,,Notlactating,0,,15,,21/05/2021,,484,2021,May,May-21,484,,1,Dry,Noplantdrug,6,0,4+
DC1,Drug,31,1.5,Female,0,0,3,2.5,0,Borderline,35.4,,Notlactating,0,0,1,,23/01/2020,,1,2020,Jan,Jan-20,FALSE,,1,Rainy,Noplantdrug,0,0,0
DC1,Drug,32,1.5,Male,0,0,2,2,0,Healthy,29.9,,,,0,7,,28/08/2020,,218,2020,Aug,Aug-20,FALSE,,1,Dry,Noplantdrug,0,0,0
DC1,Drug,33,2,Male,1,1,2,2.5,0,Healthy,29.9,,,0,0,4,control,30/05/2020,750,128,2020,May,May-20,FALSE,,1,Dry,Noplantdrug,0,0,0
DC1,Drug,34,4,Female,1,1,4,1.5,0,Sick,40.8,,Lactating,0,0,1,,23/01/2020,,1,2020,Jan,Jan-20,FALSE,0,2,Rainy,Noplantdrug,0,0,0
DC1,Drug,35,3.5,Female,0,0,4,1.5,0,Sick,34.2,13.6,Lactating,2,1,4,,26/06/2020,1100,118,2020,Jun,Jun-20,FALSE,118,2,Dry,Noplantdrug,2,0,2
DC1,Drug,36,3.5,Female,1,0,4,2,1,Sick,38.1,15.2,Pregnant,0,1,2,,29/02/2020,,37,2020,Feb,Feb-20,FALSE,37,2,Rainy,Noplantdrug,0,0,0
DC1,Drug,37,4,Female,1,0,4,1.5,0,Sick,32.4,12.8,Notlactating,0,1,8,,02/10/2020,350,253,2020,Oct,Oct-20,FALSE,253,2,Dry,Noplantdrug,6,0,4+
DC1,Drug,38,4,Female,0,0,4,2,0,Sick,38.1,15.2,Pregnant,0,1,2,,29/02/2020,100,37,2020,Feb,Feb-20,FALSE,37,2,Rainy,Noplantdrug,0,0,0
DC1,Drug,39,4,Female,1,0,4,1.5,0,Sick,38.1,15.2,Notlactating,0,1,1,new goats vaccinated,29/02/2020,,1,2020,Feb,Feb-20,FALSE,0,2,Rainy,Noplantdrug,0,0,0
DC2,Drug,40,3,Female,0,0,4,3,0,Sick,44,,Pregnant,0,0,1,,23/01/2020,700,1,2020,Jan,Jan-20,FALSE,0,2,Rainy,Noplantdrug,0,0,0
DC1,Drug,41,1,Female,,,,,,,,,Notlactating,,,6,hearwater critically ill noFPC,11/02/2021,,167,2021,Feb,Feb-21,FALSE,,1,Rainy,Noplantdrug,4,0,4+
DC2,Drug,42,4,Female,0,0,4,2,0,Sick,42.2,,Lactating,0,1,1,,23/01/2020,300,1,2020,Jan,Jan-20,FALSE,0,2,Rainy,Noplantdrug,0,0,0
DC2,Drug,43,3.5,Female,0,0,3,1,0,Sick,36.7,14.4,Lactating,2,1,5,,26/06/2020,350,155,2020,Jun,Jun-20,FALSE,155,2,Dry,Noplantdrug,1,0,1
DC2,Drug,44,3.5,Female,0,0,4,2,0,Sick,34.2,6.8,Pregnant,0,1,10,,01/12/2020,0,313,2020,Dec,Dec-20,FALSE,313,2,Rainy,Noplantdrug,5,0,4+
DC2,Drug,45,3.5,Female,0,0,3,1.5,0,Borderline,35.4,,Lactating,2,0,6,,31/07/2020,,190,2020,Jul,Jul-20,FALSE,,1,Dry,Noplantdrug,4,0,4+
DC2,Drug,46,4,Female,0,0,4,1.5,0,Sick,49.9,19.6,Pregnant,0,1,5,,26/06/2020,50,155,2020,Jun,Jun-20,FALSE,155,2,Dry,Noplantdrug,3,0,3
DC2,Drug,47,3.5,Female,1,0,4,2,0,Sick,45.8,18,Pregnant,0,1,3,,18/03/2020,,55,2020,Mar,Mar-20,FALSE,55,2,Rainy,Noplantdrug,1,0,1
DC2,Drug,48,4,Female,0,0,4,1.5,0,Sick,36.7,,Pregnant,0,1,1,,23/01/2020,200,1,2020,Jan,Jan-20,FALSE,0,2,Rainy,Noplantdrug,0,0,0
DC2,Drug,49,4,Female,0,0,4,1.5,0,Sick,40.8,16,Notlactating,0,0,3,,18/03/2020,,55,2020,Mar,Mar-20,FALSE,55,2,Rainy,Noplantdrug,0,0,0
DC2,Drug,50,1.5,Male,1,0,2,2,0,Healthy,32.6,,,0,0,6,,31/07/2020,,190,2020,Jul,Jul-20,FALSE,,1,Dry,Noplantdrug,0,0,0
DC2,Drug,51,2.5,Female,0,0,3,2,0,Borderline,38.1,,Lactating,1,,15,,19/05/2021,,482,2021,May,May-21,482,,1,Dry,Noplantdrug,10,0,4+
DC2,Drug,52,2,Female,0,0,2,,0,Healthy,27.2,,Notlactating,0,0,2,no BCS,07/02/2020,,15,2020,Feb,Feb-20,FALSE,,1,Rainy,Noplantdrug,0,0,0
DC2,Drug,53,1.5,Female,0,0,2,2,0,Healthy,35.4,,Notlactating,0,0,7,,29/08/2020,,219,2020,Aug,Aug-20,FALSE,,1,Dry,Noplantdrug,1,0,1
DC2,Drug,54,3,Female,0,0,4,2.5,0,Sick,39.5,9.9,Lactating,0,1,14,,20/04/2021,50,453,2021,Apr,Apr-21,FALSE,453,2,Dry,Noplantdrug,9,0,4+
DC2,Drug,55,2.5,Male,0,0,2,,0,Healthy,38.1,,,,0,2,No BCS,07/02/2020,,15,2020,Feb,Feb-20,FALSE,,1,Rainy,Noplantdrug,0,0,0
DC2,Drug,56,4,Female,0,0,4,2,0,Sick,38.1,,Pregnant,0,1,1,,23/01/2020,150,1,2020,Jan,Jan-20,FALSE,0,2,Rainy,Noplantdrug,0,0,0
DC2,Drug,57,3,Female,0,0,3,0.5,4,Sick,31.3,12.4,Lactating,1,0,5,was attacked by dogs,26/06/2020,,155,2020,Jun,Jun-20,FALSE,155,2,Dry,Noplantdrug,0,0,0
DC2,Drug,58,4.5,Female,0,0,4,1.5,0,Sick,35.4,7.8,Notlactating,0,1,9,,03/11/2020,,285,2020,Nov,Nov-20,FALSE,285,2,Rainy,Noplantdrug,5,0,4+
DC2,Drug,59,2,Female,0,0,3,1,0,Sick,29.9,,Notlactating,0,1,8,,02/10/2020,250,253,2020,Oct,Oct-20,FALSE,253,2,Dry,Noplantdrug,4,0,4+
DC2,Drug,60,1,Female,0,0,2,1.5,0,Healthy,28.6,,Lactating,1,,15,newborn,19/05/2021,,482,2021,May,May-21,482,,1,Dry,Noplantdrug,5,0,4+
DC2,Drug,61,3.5,Female,0,0,4,3,0,Sick,42.2,,Pregnant,0,1,2,,07/02/2020,300,15,2020,Feb,Feb-20,FALSE,15,2,Rainy,Noplantdrug,0,0,0
DC2,Drug,62,1,Male,0,0,3,3,0,Borderline,42.2,,,,,15,,19/05/2021,,482,2021,May,May-21,482,,1,Dry,Noplantdrug,6,0,4+
DC2,Drug,63,2,Male,0,0,2,2,0,Healthy,44,,,,,10,,01/12/2020,,313,2020,Dec,Dec-20,FALSE,,1,Rainy,Noplantdrug,0,0,0
DC2,Drug,64,2.5,Female,0,0,2,2,0,Healthy,31.3,,Notlactating,0,,15,,19/05/2021,,482,2021,May,May-21,482,,1,Dry,Noplantdrug,4,0,4+
DC2,Drug,65,3,Male,,0,2,,,Healthy,42.2,,,,0,2,no Nasal nor BCS nor Tail,07/02/2020,,15,2020,Feb,Feb-20,#REF!,NA,1,Dry,Noplantdrug,0,0,0
DC2,Drug,66,2.5,Male,0,0,2,2.5,0,Healthy,38.1,,,,0,9,,03/11/2020,,285,2020,Nov,Nov-20,FALSE,,1,Rainy,Noplantdrug,1,0,1
DC2,Drug,67,2,Female,0,0,3,2,0,Borderline,35.8,,Notlactating,0,,15,,19/05/2021,,482,2021,May,May-21,482,,1,Dry,Noplantdrug,7,0,4+
DC2,Drug,68,3.5,Female,0,0,4,1.5,0,Sick,36.7,,Pregnant,0,1,1,,23/01/2020,150,1,2020,Jan,Jan-20,FALSE,0,2,Rainy,Noplantdrug,0,0,0
DC2,Drug,69,2,Male,0,0,2,2.5,0,Healthy,31.3,,,0,0,1,,23/01/2020,,1,2020,Jan,Jan-20,FALSE,,1,Rainy,Noplantdrug,0,0,0
DC2,Drug,70,4,Female,0,0,2,1.5,0,Healthy,35.4,,Lactating,1,,15,GPS,19/05/2021,,482,2021,May,May-21,482,,1,Dry,Noplantdrug,12,0,4+
DC2,Drug,71,2,Male,0,0,3,2.5,0,Borderline,40.8,,,,0,9,,03/11/2020,,285,2020,Nov,Nov-20,FALSE,,1,Rainy,Noplantdrug,4,0,4+
DC2,Drug,72,2,Male,0,0,1,3,0,Healthy,40.8,,,,,15,,19/05/2021,,482,2021,May,May-21,482,,1,Dry,Noplantdrug,8,0,4+
DC2,Drug,73,1.5,Male,0,0,3,2.5,0,Borderline,44,,,,,10,,01/12/2020,,313,2020,Dec,Dec-20,FALSE,,1,Dry,Noplantdrug,1,0,1
DC2,Drug,74,1.5,Female,1,0,3,3,0,Borderline,34.2,,Lactating,1,,15,,19/05/2021,,482,2021,May,May-21,482,,1,Dry,Noplantdrug,7,0,4+
DC2,Drug,75,1.5,Male,0,0,3,2.5,0,Borderline,32.6,,,,,10,,01/12/2020,,313,2020,Dec,Dec-20,FALSE,,1,Rainy,Noplantdrug,3,0,3
DC2,Drug,76,3.5,Female,1,0,3,2,0,Borderline,44,,Notlactating,0,1,2,,18/03/2020,,40,2020,Mar,Mar-20,FALSE,,1,Dry,Noplantdrug,1,0,1
DC2,Drug,77,2,Male,0,0,2,3,0,Healthy,32.6,,,,0,1,,18/03/2020,,1,2020,Mar,Mar-20,FALSE,,1,Dry,Noplantdrug,0,0,0
DC3,Drug,90,1.5,Male,1,0,3,1,0,Sick,28.6,,,,1,7,,30/07/2020,150,183,2020,Jul,Jul-20,FALSE,183,2,Dry,Noplantdrug,1,0,1
DC3,Drug,91,3.5,Female,1,0,3,2.5,0,Borderline,49.9,,Notlactating,0,,16,,14/05/2021,,471,2021,May,May-21,471,,1,Dry,Noplantdrug,12,0,4+
DC3,Drug,92,3.5,Female,1,0,4,1.5,0,Sick,38.1,15.2,Lactating,0,1,1,,29/01/2020,1450,1,2020,Jan,Jan-20,FALSE,0,2,Rainy,Noplantdrug,0,0,0
DC3,Drug,93,3.5,Female,1,0,4,2,0,Sick,39.5,15.6,Notlactating,0,1,1,,29/01/2020,250,1,2020,Jan,Jan-20,FALSE,0,2,Rainy,Noplantdrug,0,0,0
DC3,Drug,94,3.5,Female,1,0,4,1.5,0,Sick,36.7,14.4,Lactating,0,1,1,,29/01/2020,1400,1,2020,Jan,Jan-20,FALSE,0,2,Rainy,Noplantdrug,0,0,0
DC3,Drug,95,1.5,Female,1,0,2,1,0,Sick,29.5,,Notlactating,0,1,7,,30/07/2020,900,183,2020,Jul,Jul-20,FALSE,183,2,Dry,Noplantdrug,1,0,1
DC3,Drug,96,3.5,Female,1,0,5,1,1,Sick,31.3,12.4,Lactating,0,1,1,has no sample,29/01/2020,1900,1,2020,Jan,Jan-20,FALSE,0,2,Rainy,Noplantdrug,0,0,0
DC3,Drug,97,4,Female,0,0,4,2,0,Sick,39.5,15.6,Lactating,0,1,1,,29/01/2020,1000,1,2020,Jan,Jan-20,FALSE,0,2,Rainy,Noplantdrug,0,0,0
DC3,Drug,98,3.5,Female,1,0,4,2,0,Sick,36.7,14.4,Notlactating,0,1,1,,29/01/2020,250,1,2020,Jan,Jan-20,FALSE,0,2,Rainy,Noplantdrug,0,0,0
DC3,Drug,99,1.5,Female,1,0,3,1,0,Sick,24.5,,Notlactating,0,0,7,has no sample,30/07/2020,,183,2020,Jul,Jul-20,FALSE,183,2,Dry,Noplantdrug,1,0,1
DC3,Drug,100,2,Male,1,0,2,2,0,Healthy,38.1,,,0,0,6,control,25/06/2020,800,148,2020,Jun,Jun-20,FALSE,,1,Dry,Noplantdrug,0,0,0
DC3,Drug,101,1.5,Female,0,0,4,1,0,Sick,23.1,9.2,Notlactating,0,1,9,,29/09/2020,1700,244,2020,Sep,Sep-20,FALSE,244,2,Dry,Noplantdrug,3,0,3
DC3,Drug,102,4,Female,1,0,5,1,2,Sick,31.3,12.4,Notlactating,0,1,1,,29/01/2020,5050,1,2020,Jan,Jan-20,FALSE,0,2,Rainy,Noplantdrug,0,0,0
DC3,Drug,103,2,Male,0,0,2,2,0,Healthy,31.3,,,,0,3,,03/03/2020,,34,2020,Mar,Mar-20,FALSE,,1,Rainy,Noplantdrug,0,0,0
DC3,Drug,104,2.5,Female,1,0,4,1.5,0,Sick,31.3,12.4,Notlactating,0,1,9,,29/09/2020,1050,244,2020,Sep,Sep-20,FALSE,244,2,Dry,Noplantdrug,6,0,4+
DC3,Drug,105,2.5,Female,0,0,4,2.5,0,Sick,31.3,12.4,Lactating,0,1,1,,29/01/2020,4650,1,2020,Jan,Jan-20,FALSE,0,2,Rainy,Noplantdrug,0,0,0
DC3,Drug,106,3.5,Male,0,0,3,2.5,0,Borderline,45.8,,,,,14,,17/03/2021,,413,2021,Mar,Mar-21,FALSE,,1,Dry,Noplantdrug,10,0,4+
DC3,Drug,107,2.5,Female,0,0,4,2,0,Sick,29.9,11.6,Notlactating,0,1,3,,03/03/2020,,34,2020,Mar,Mar-20,FALSE,34,2,Rainy,Noplantdrug,1,0,1
DC3,Drug,108,3.5,Female,0,0,3,1.5,0,Borderline,34.2,,Notlactating,0,,11,,03/12/2020,,309,2020,Dec,Dec-20,FALSE,,1,Rainy,Noplantdrug,7,0,4+
DC3,Drug,109,3.5,Female,1,0,3,1,0,Sick,35.4,14,Notlactating,0,1,9,2 kids died,29/09/2020,1500,244,2020,Sep,Sep-20,FALSE,244,2,Dry,Noplantdrug,6,0,4+
DC3,Drug,110,1.5,Female,1,0,3,1,1,Sick,25.9,10,Lactating,0,1,8,,29/08/2020,400,213,2020,Aug,Aug-20,FALSE,213,2,Dry,Noplantdrug,3,0,3
DC3,Drug,111,3.5,Female,1,0,4,2,0,Sick,39.5,15.6,Pregnant,0,1,3,,03/03/2020,,34,2020,Mar,Mar-20,FALSE,34,2,Rainy,Noplantdrug,1,0,1
DC3,Drug,112,3.5,Female,0,0,4,1.5,2,Sick,35.4,14,Notlactating,0,1,1,,29/01/2020,650,1,2020,Jan,Jan-20,FALSE,0,2,Rainy,Noplantdrug,0,0,0
DC3,Drug,113,3.5,Female,0,0,4,1,0,Sick,38.1,15.2,Lactating,2,1,5,control newborn,01/06/2020,2950,124,2020,Jun,Jun-20,FALSE,124,2,Dry,Noplantdrug,0,0,0
DC3,Drug,114,2.5,Female,1,0,4,1,0,Sick,34.2,13.6,Lactating,0,1,7,,30/07/2020,1000,183,2020,Jul,Jul-20,FALSE,183,2,Dry,Noplantdrug,2,0,2
DC3,Drug,115,1.5,Female,0,0,4,1.5,0,Sick,27.2,10.8,Pregnant,0,1,6,,25/06/2020,1500,148,2020,Jun,Jun-20,FALSE,148,2,Dry,Noplantdrug,2,0,2
DC3,Drug,116,1,Female,1,0,4,1.5,4,Sick,19.1,,Notlactating,0,1,9,,29/09/2020,1050,244,2020,Sep,Sep-20,FALSE,244,2,Dry,Noplantdrug,2,0,2
DC3,Drug,117,1,Female,1,0,3,1,1,Sick,24.5,9.6,Lactating,0,1,8,,29/08/2020,1200,213,2020,Aug,Aug-20,FALSE,213,2,Dry,Noplantdrug,3,0,3
DC3,Drug,118,1.5,Female,1,0,3,1.5,0,Borderline,24.5,,Notlactating,0,0,10,,05/11/2020,,281,2020,Nov,Nov-20,FALSE,,1,Rainy,Noplantdrug,5,0,4+
DC3,Drug,119,1.5,Male,0,0,3,2.5,0,Borderline,31.3,,,,,16,,14/05/2021,,471,2021,May,May-21,471,,1,Dry,Noplantdrug,7,0,4+
DC3,Drug,120,2,Female,1,0,4,1,0,Sick,28.6,11.2,Notlactating,0,1,2,,30/07/2020,1100,35,2020,Jul,Jul-20,FALSE,35,2,Dry,Noplantdrug,0,0,0
DC3,Drug,121,1.5,Male,0,0,2,2,0,Healthy,27.2,,,,,9,,17/03/2021,,265,2021,Mar,Mar-21,FALSE,,1,Dry,Noplantdrug,4,0,4+
DC3,Drug,122,1.5,Male,1,0,2,2,0,Healthy,32.6,,,,,16,,14/05/2021,,323,2021,May,May-21,323,,1,Dry,Noplantdrug,4,0,4+
DC3,Drug,123,1,Female,1,0,2,1,0,Sick,21.8,8.4,Pregnant,0,1,3,Miscarriage,29/08/2020,200,65,2020,Aug,Aug-20,FALSE,65,2,Dry,Noplantdrug,1,0,1
DC3,Drug,124,1.5,Male,1,0,3,1,0,Sick,20.4,8,,,0,3,,29/08/2020,,65,2020,Aug,Aug-20,FALSE,65,2,Dry,Noplantdrug,1,0,1
DC3,Drug,125,1.5,Female,0,0,2,2,0,Healthy,38.1,,Notlactating,0,,11,,14/05/2021,,323,2021,May,May-21,323,,1,Dry,Noplantdrug,7,0,4+
DC3,Drug,126,1,Female,0,0,4,1.5,0,Sick,27.2,5.5,Notlactating,0,1,5,,05/11/2020,2150,133,2020,Nov,Nov-20,FALSE,133,2,Rainy,Noplantdrug,3,0,3
DC3,Drug,127,3,Female,1,0,4,1,0,Sick,29.9,11.6,Notlactating,0,0,4,has no sample,29/09/2020,,96,2020,Sep,Sep-20,FALSE,96,2,Dry,Noplantdrug,2,0,2
DC3,Drug,128,1.5,Female,0,0,2,2,0,Healthy,32.6,,Notlactating,0,,11,,14/05/2021,,323,2021,May,May-21,323,,1,Dry,Noplantdrug,9,0,4+
DC3,Drug,129,2,Female,1,0,3,1,0,Sick,21.8,8.4,Notlactating,0,0,2,,30/07/2020,250,35,2020,Jul,Jul-20,FALSE,35,2,Dry,Noplantdrug,0,0,0
DC4,Drug,130,2,Female,0,0,2,2,0,Healthy,31.3,12.4,Notlactating,0,0,1,i-button and GPS tracker,29/01/2020,,1,2020,Jan,Jan-20,FALSE,,1,Rainy,Noplantdrug,0,0,0
DC4,Drug,131,3.5,Female,1,0,2,2,0,Healthy,40.8,,Notlactating,0,0,4,,19/03/2020,,50,2020,Mar,Mar-20,FALSE,,1,Dry,Noplantdrug,1,0,1
DC4,Drug,132,2,Female,1,0,3,1,0,Sick,27.2,10.8,Lactating,1,1,6,,25/06/2020,800,148,2020,Jun,Jun-20,FALSE,148,2,Dry,Noplantdrug,0,0,0
DC4,Drug,133,1.5,Male,0,0,2,2,0,Healthy,34.2,,,,,11,,03/12/2020,,309,2020,Dec,Dec-20,FALSE,,1,Rainy,Noplantdrug,2,0,2
DC4,Drug,134,1.5,Male,1,0,4,2,0,Sick,23.1,9.2,,0,1,3,,03/03/2020,,34,2020,Mar,Mar-20,FALSE,34,2,Rainy,Noplantdrug,0,0,0
DC4,Drug,135,3,Female,0,0,4,1.5,0,Sick,32.6,12.8,Lactating,0,1,2,,14/02/2020,800,16,2020,Feb,Feb-20,FALSE,16,2,Rainy,Noplantdrug,0,0,0
DC4,Drug,136,1.5,Female,0,0,3,2,0,Borderline,32.6,,Pregnant,0,,15,,19/04/2021,,446,2021,Apr,Apr-21,FALSE,,1,Dry,Noplantdrug,1,0,1
DC4,Drug,137,1,Male,0,0,2,3,3,Healthy,31.3,12.4,,0,0,1,,29/01/2020,,1,2020,Jan,Jan-20,FALSE,,1,Rainy,Noplantdrug,0,0,0
DC4,Drug,138,3.5,Female,1,0,3,1.5,0,Borderline,32.6,,Notlactating,0,1,9,,29/09/2020,1300,244,2020,Sep,Sep-20,FALSE,,1,Rainy,Noplantdrug,6,0,4+
DC4,Drug,139,3.5,Female,1,0,4,1.5,0,Sick,38.1,15.2,Lactating,1,1,7,,30/07/2020,0,183,2020,Jul,Jul-20,FALSE,183,2,Dry,Noplantdrug,3,0,3
DC4,Drug,140,4,Female,0,0,4,2,0,Sick,42.2,16.8,Notlactating,0,1,3,,03/03/2020,,34,2020,Mar,Mar-20,FALSE,34,2,Rainy,Noplantdrug,1,0,1
DC4,Drug,141,3.5,Female,1,0,4,1.5,0,Sick,31.3,12.4,Notlactating,0,0,8,,29/08/2020,50,213,2020,Aug,Aug-20,FALSE,213,2,Dry,Noplantdrug,3,0,3
DC4,Drug,142,2.5,Female,1,0,4,2,0,Sick,35.4,14,Pregnant,0,1,3,,03/03/2020,,34,2020,Mar,Mar-20,FALSE,34,2,Rainy,Noplantdrug,0,0,0
DC4,Drug,143,4,Female,0,0,3,2.5,0,Borderline,32.6,,Notlactating,0,,16,,14/05/2021,,471,2021,May,May-21,471,,1,Dry,Noplantdrug,9,0,4+
DC4,Drug,144,3,Female,0,0,3,2,0,Borderline,34.2,,Notlactating,0,,16,,14/05/2021,,471,2021,May,May-21,471,,1,Dry,Noplantdrug,11,0,4+
DC4,Drug,145,3.5,Female,1,0,4,1.5,0,Sick,38.1,15.2,Pregnant,0,1,1,,29/01/2020,,1,2020,Jan,Jan-20,FALSE,0,2,Rainy,Noplantdrug,0,0,0
DC4,Drug,146,2,Female,0,0,4,1.5,1,Sick,31.8,5.5,Lactating,0,,14,nosample,17/03/2021,,413,2021,Mar,Mar-21,FALSE,413,2,Rainy,Noplantdrug,8,0,4+
DC4,Drug,147,1,Male,0,0,3,2,0,Borderline,31.3,,,,0,7,,30/07/2020,,183,2020,Jul,Jul-20,FALSE,,1,Dry,Noplantdrug,5,0,4+
DC4,Drug,148,3.5,Female,1,0,3,1,0,Sick,34.2,13.6,Notlactating,0,1,9,,29/09/2020,1900,244,2020,Sep,Sep-20,FALSE,244,2,Dry,Noplantdrug,3,0,3
DC4,Drug,149,1,Female,0,0,3,1.5,0,Borderline,29.9,,Notlactating,0,0,10,,05/11/2020,,281,2020,Nov,Nov-20,FALSE,,1,Rainy,Noplantdrug,2,0,2
DC4,Drug,150,3.5,Female,0,0,3,1,0,Sick,39.5,15.6,Pregnant,0,1,2,,14/02/2020,450,16,2020,Feb,Feb-20,FALSE,16,2,Rainy,Noplantdrug,0,0,0
DC4,Drug,151,3,Female,0,0,4,2.5,0,Sick,35.4,14,Lactating,1,1,7,newborn,30/07/2020,0,183,2020,Jul,Jul-20,FALSE,183,2,Dry,Noplantdrug,1,0,1
DC4,Drug,152,4,Female,0,0,4,1.5,1,Sick,44.8,17.6,Notlactating,0,1,1,,29/01/2020,650,1,2020,Jan,Jan-20,FALSE,0,2,Rainy,Noplantdrug,0,0,0
DC4,Drug,153,3,Male,0,0,4,1.5,0,Sick,35.4,14,,,0,9,,29/09/2020,,244,2020,Sep,Sep-20,FALSE,244,2,Dry,Noplantdrug,2,0,2
DC4,Drug,154,1.5,Female,0,0,3,2,0,Borderline,29.9,11.6,Notlactating,0,0,1,,29/01/2020,,1,2020,Jan,Jan-20,FALSE,,1,Rainy,Noplantdrug,0,0,0
DC4,Drug,155,3.5,Female,1,0,4,1.5,0,Sick,38.1,15.2,Lactating,1,1,6,,25/06/2020,150,148,2020,Jun,Jun-20,FALSE,148,2,Dry,Noplantdrug,3,0,3
DC5,Drug,170,3.5,Female,1,0,2,2,0,Healthy,36.7,14.4,Notlactating,0,0,1,,30/01/2020,,1,2020,Jan,Jan-20,FALSE,,1,Rainy,Noplantdrug,0,0,0
DC5,Drug,171,3.5,Female,0,0,3,1.5,0,Borderline,36.7,14.4,Lactating,0,1,1,,30/01/2020,2300,1,2020,Jan,Jan-20,FALSE,,1,Rainy,Noplantdrug,0,0,0
DC5,Drug,172,3.5,Female,0,0,4,2,0,Sick,52.2,20.8,Lactating,1,1,4,newborn,19/03/2020,150,49,2020,Mar,Mar-20,FALSE,49,2,Rainy,Noplantdrug,1,0,1
DC5,Drug,173,4,Female,0,0,4,1.5,0,Sick,32,12.8,Notlactating,0,1,1,,30/01/2020,1450,1,2020,Jan,Jan-20,FALSE,0,2,Rainy,Noplantdrug,0,0,0
DC5,Drug,174,3.5,Female,0,0,2,1.5,1,Borderline,40.8,,Notlactating,0,0,4,,19/03/2020,,49,2020,Mar,Mar-20,FALSE,,1,Dry,Noplantdrug,1,0,1
DC5,Drug,175,3,Female,1,0,4,1.5,0,Sick,31.3,12.4,Notlactating,0,1,1,,30/01/2020,5150,1,2020,Jan,Jan-20,FALSE,0,2,Rainy,Noplantdrug,0,0,0
DC5,Drug,176,1.5,Male,1,0,4,2.5,0,Sick,31.3,12.4,,0,0,1,,30/01/2020,2300,1,2020,Jan,Jan-20,FALSE,0,2,Rainy,Noplantdrug,0,0,0
DC5,Drug,177,2,Female,1,0,4,1.5,0,Sick,35.4,14,Lactating,0,1,1,,30/01/2020,150,1,2020,Jan,Jan-20,FALSE,0,2,Rainy,Noplantdrug,0,0,0
DC5,Drug,178,1,Male,0,0,4,1,0,Sick,25.9,10,,0,1,6,,25/06/2020,1100,147,2020,Jun,Jun-20,FALSE,147,2,Dry,Noplantdrug,2,0,2
DC5,Drug,179,3.5,Female,1,0,4,1.5,0,Sick,40.8,16,Notlactating,0,1,1,,30/01/2020,2350,1,2020,Jan,Jan-20,FALSE,0,2,Rainy,Noplantdrug,0,0,0
DC5,Drug,180,3.5,Male,1,0,4,2,0,Sick,56.7,,,0,1,1,,30/01/2020,1950,1,2020,Jan,Jan-20,FALSE,0,2,Rainy,Noplantdrug,0,0,0
DC5,Drug,181,1.5,Male,0,0,2,2,0,Healthy,28.6,,,0,0,4,,19/03/2020,,49,2020,Mar,Mar-20,FALSE,,1,Dry,Noplantdrug,0,0,0
DC5,Drug,182,1,Male,0,0,4,1,0,Sick,31.3,12.4,,,1,6,,25/06/2020,750,147,2020,Jun,Jun-20,FALSE,147,2,Dry,Noplantdrug,1,0,1
DC5,Drug,183,1.5,Male,0,0,3,1,2,Sick,24.5,9.4,,,1,6,,25/06/2020,750,147,2020,Jun,Jun-20,FALSE,147,2,Dry,Noplantdrug,1,0,1
DC5,Drug,184,1,Male,0,0,3,1.5,0,Borderline,25.1,,,0,0,5,,01/06/2020,,123,2020,Jun,Jun-20,FALSE,,1,Dry,Noplantdrug,2,0,2
DC5,Drug,185,1,Male,0,0,3,1,0,Sick,25.9,10,,,1,8,,31/08/2020,,214,2020,Aug,Aug-20,FALSE,214,2,Dry,Noplantdrug,3,0,3
DC5,Drug,186,1.5,Male,1,0,2,1,0,Sick,23.1,9.2,,,1,7,,30/07/2020,1050,182,2020,Jul,Jul-20,FALSE,182,2,Dry,Noplantdrug,2,0,2
DC6,Drug,200,1.5,Male,0,0,2,2.5,0,Healthy,35.4,,,,,16,,14/05/2021,,470,2021,May,May-21,470,,1,Dry,Noplantdrug,3,0,3
DC6,Drug,201,1.5,Female,0,0,2,1.5,0,Healthy,25.9,,Notlactating,0,,16,,14/05/2021,,470,2021,May,May-21,470,,1,Dry,Noplantdrug,9,0,4+
DC6,Drug,202,4,Female,0,0,2,1.5,0,Healthy,40.8,,Notlactating,0,,16,,14/05/2021,,470,2021,May,May-21,470,,1,Dry,Noplantdrug,8,0,4+
DC6,Drug,203,3.5,Female,0,0,3,1.5,0,Borderline,42.2,,Notlactating,0,,16,GPS,14/05/2021,,470,2021,May,May-21,470,,1,Dry,Noplantdrug,8,0,4+
DC6,Drug,204,4.5,Female,0,0,3,1,0,Sick,36.7,14.4,Pregnant,0,1,1,,30/01/2020,0,1,2020,Jan,Jan-20,FALSE,0,2,Rainy,Noplantdrug,0,0,0
DC6,Drug,205,2,Male,0,0,3,2,0,Borderline,45.2,,,,,12,,16/01/2021,,352,2021,Jan,Jan-21,FALSE,,1,Rainy,Noplantdrug,1,0,1
DC6,Drug,206,4,Female,0,0,4,2,0,Sick,35.4,14,Notlactating,0,1,1,,30/01/2020,600,1,2020,Jan,Jan-20,FALSE,0,2,Rainy,Noplantdrug,0,0,0
DC6,Drug,207,2.5,Male,0,0,2,2,0,Healthy,42.2,,,,,16,,14/05/2021,,470,2021,May,May-21,470,,1,Dry,Noplantdrug,0,0,0
DC6,Drug,208,2.5,Female,0,0,3,1,0,Sick,31.3,12.4,Notlactating,0,1,8,has no sample,31/08/2020,150,214,2020,Aug,Aug-20,FALSE,214,2,Dry,Noplantdrug,3,0,3
DC6,Drug,209,1,Male,0,0,2,2.5,0,Healthy,39.9,,,0,1,6,control,25/06/2020,550,147,2020,Jun,Jun-20,FALSE,,1,Dry,Noplantdrug,0,0,0
DC6,Drug,210,1.5,Female,0,0,2,2,0,Healthy,32.2,,Notlactating,0,,16,,14/05/2021,,470,2021,May,May-21,470,,1,Dry,Noplantdrug,1,0,1
DC6,Drug,211,3.5,Female,1,0,4,2,0,Sick,40.8,16,Lactating,0,1,3,,03/03/2020,,33,2020,Mar,Mar-20,FALSE,33,2,Rainy,Noplantdrug,1,0,1
DC6,Drug,212,2,Male,0,0,2,2,0,Healthy,38.2,,,,0,4,,19/03/2020,,49,2020,Mar,Mar-20,FALSE,,1,Dry,Noplantdrug,1,0,1
DC6,Drug,213,3.5,Female,1,0,4,1.5,0,Sick,47,18.8,Lactating,0,1,1,,30/01/2020,1700,1,2020,Jan,Jan-20,FALSE,0,2,Rainy,Noplantdrug,0,0,0
DC6,Drug,214,1.5,Male,1,0,2,2,0,Healthy,27.2,,,,0,3,,03/03/2020,,33,2020,Mar,Mar-20,FALSE,,1,Rainy,Noplantdrug,0,0,0
DC6,Drug,215,4,Female,1,0,4,1.5,0,Sick,36.7,14.4,Lactating,0,1,1,,30/01/2020,1750,1,2020,Jan,Jan-20,FALSE,0,2,Rainy,Noplantdrug,0,0,0
DC6,Drug,216,2.5,Female,1,0,4,2,0,Sick,45.8,18,Lactating,0,1,1,,30/01/2020,1300,1,2020,Jan,Jan-20,FALSE,0,2,Rainy,Noplantdrug,0,0,0
DC6,Drug,217,3.5,Female,0,0,2,1,0,Sick,39.5,,Lactating,1,1,7,newborn,30/07/2020,200,182,2020,Jul,Jul-20,FALSE,182,2,Dry,Noplantdrug,2,0,2
DC6,Drug,218,3.5,Female,1,0,3,1,0,Sick,25.9,,Lactating,0,1,8,,31/08/2020,950,214,2020,Aug,Aug-20,FALSE,214,2,Dry,Noplantdrug,4,0,4+
DC6,Drug,219,3.5,Female,0,0,2,2.5,0,Healthy,38.1,,Notlactating,0,,16,,14/05/2021,,470,2021,May,May-21,470,,1,Dry,Noplantdrug,4,0,4+
DC6,Drug,220,4,Female,0,0,4,1.5,0,Sick,45.8,18,Pregnant,0,1,4,,19/03/2020,,49,2020,Mar,Mar-20,FALSE,49,2,Rainy,Noplantdrug,0,0,0
DC6,Drug,221,2.5,Male,0,0,2,2,0,Healthy,36.6,,,,0,6,,25/06/2020,,147,2020,Jun,Jun-20,FALSE,,1,Dry,Noplantdrug,0,0,0
DC6,Drug,222,4,Female,0,0,2,2.5,0,Healthy,39.5,,Lactating,1,,16,,14/05/2021,,470,2021,May,May-21,470,,1,Dry,Noplantdrug,10,0,4+
DC6,Drug,223,3.5,Female,0,0,2,2,0,Healthy,36.7,,Lactating,1,,16,,14/05/2021,,470,2021,May,May-21,470,,1,Dry,Noplantdrug,6,0,4+
DC6,Drug,224,1.5,Male,0,0,2,2,0,Healthy,38.1,,,0,0,5,,01/06/2020,,123,2020,Jun,Jun-20,FALSE,,1,Dry,Noplantdrug,1,0,1
DC6,Drug,225,3,Female,0,0,2,2,0,Healthy,35.4,,Lactating,1,,16,,14/05/2021,,470,2021,May,May-21,470,,1,Dry,Noplantdrug,8,0,4+
DC6,Drug,226,4,Female,0,0,3,2,0,Borderline,39.9,,Notlactating,0,,16,,14/05/2021,,470,2021,May,May-21,470,,1,Dry,Noplantdrug,11,0,4+
DC6,Drug,227,2.5,Female,0,0,2,2,0,Healthy,34.2,,Notlactating,0,,16,,14/05/2021,,470,2021,May,May-21,470,,1,Dry,Noplantdrug,6,0,4+
DC6,Drug,228,1.5,Male,0,0,3,2,0,Borderline,28.6,,,,,14,,17/03/2021,,412,2021,Mar,Mar-21,FALSE,,1,Dry,Noplantdrug,9,0,4+
DC6,Drug,229,1.5,Female,0,0,3,2,0,Borderline,32.6,,Notlactating,0,,16,,14/05/2021,,470,2021,May,May-21,470,,1,Dry,Noplantdrug,11,0,4+
DC6,Drug,230,3.5,Female,0,0,4,1,0,Sick,35.4,14,Notlactating,0,1,8,,31/08/2020,650,214,2020,Aug,Aug-20,FALSE,214,2,Dry,Noplantdrug,3,0,3
DC6,Drug,231,2,Male,0,0,3,2.5,0,Borderline,38.1,,,,0,4,,19/03/2020,,49,2020,Mar,Mar-20,FALSE,,1,Dry,Noplantdrug,1,0,1
DC6,Drug,232,2.5,Male,0,0,2,2.5,0,Healthy,36.7,,,,0,4,,19/03/2020,,49,2020,Mar,Mar-20,FALSE,,1,Dry,Noplantdrug,1,0,1
DC6,Drug,233,1,Male,0,0,2,2,0,Healthy,36.7,,,,,16,,14/05/2021,,470,2021,May,May-21,470,,1,Dry,Noplantdrug,7,0,4+
DC6,Drug,234,2.5,Male,0,0,2,2,0,Healthy,34.2,,,,,11,,03/12/2020,,308,2020,Dec,Dec-20,FALSE,,1,Rainy,Noplantdrug,4,0,4+
DC6,Drug,235,1,Female,1,0,2,1.5,1,Borderline,27.2,,Notlactating,0,0,4,,19/03/2020,,49,2020,Mar,Mar-20,FALSE,,1,Dry,Noplantdrug,2,0,2
DC6,Drug,236,1,Male,0,0,2,2.5,0,Healthy,32.6,,,,,16,,14/05/2021,,470,2021,May,May-21,470,,1,Dry,Noplantdrug,1,0,1
DC6,Drug,237,1.5,Male,0,0,5,1.5,0,Sick,28,11.2,,0,1,1,,30/01/2020,3150,1,2020,Jan,Jan-20,FALSE,0,2,Rainy,Noplantdrug,0,0,0
DC6,Drug,238,1,Female,0,0,2,2.5,0,Healthy,31.3,,Pregnant,0,,16,Miscarriage,14/05/2021,,470,2021,May,May-21,470,,1,Dry,Noplantdrug,3,0,3
DC6,Drug,239,1,Male,0,0,2,2,0,Healthy,35.4,,,,,16,,14/05/2021,,470,2021,May,May-21,470,,1,Dry,Noplantdrug,3,0,3
DC6,Drug,240,3.5,Female,0,0,3,2.5,0,Borderline,40.8,,Notlactating,0,,16,,14/05/2021,,470,2021,May,May-21,470,,1,Dry,Noplantdrug,12,0,4+
DC6,Drug,241,1,Female,0,0,5,1,0,Sick,19.1,4.8,Notlactating,0,1,14,,17/03/2021,,412,2021,Mar,Mar-21,FALSE,412,2,Rainy,Noplantdrug,6,0,4+
DC6,Drug,242,1.5,Male,0,0,2,2.5,0,Healthy,39.5,,,,,16,,14/05/2021,,470,2021,May,May-21,470,,1,Dry,Noplantdrug,0,0,0
DC6,Drug,243,1,Male,1,0,2,2.5,0,Healthy,27.2,,,,0,4,,19/03/2020,,49,2020,Mar,Mar-20,FALSE,,1,Dry,Noplantdrug,0,0,0
DC6,Drug,244,1,Female,0,0,2,1.5,0,Borderline,15.9,,Notlactating,0,0,9,,29/09/2020,,243,2020,Sep,Sep-20,FALSE,,1,Rainy,Noplantdrug,5,0,4+
DC6,Drug,245,1.5,Female,0,0,3,1,0,Sick,25.9,10,Pregnant,0,1,6,,25/06/2020,400,147,2020,Jun,Jun-20,FALSE,147,2,Dry,Noplantdrug,1,0,1
DC6,Drug,246,3.5,Female,1,0,2,1.5,0,Borderline,45.8,,Lactating,0,1,4,,19/03/2020,,49,2020,Mar,Mar-20,FALSE,,1,Dry,Noplantdrug,3,0,3
DC6,Drug,247,1.5,Male,0,0,5,1,0,Sick,19.1,,,0,1,3,,03/03/2020,,33,2020,Mar,Mar-20,FALSE,33,2,Rainy,Noplantdrug,0,0,0
DC6,Drug,248,2,Female,1,0,2,2,0,Healthy,39.5,,Notlactating,0,0,1,newgoat,03/03/2020,,1,2020,Mar,Mar-20,FALSE,,1,Rainy,Noplantdrug,0,0,0
DC6,Drug,249,1.5,Female,0,0,2,2,0,Healthy,25.4,,Notlactating,0,,4,,14/05/2021,,88,2021,May,May-21,88,,1,Dry,Noplantdrug,0,0,0
DC6,Drug,250,1.5,Female,0,0,2,2,0,Healthy,27.2,,Notlactating,0,,4,,14/05/2021,,88,2021,May,May-21,88,,1,Dry,Noplantdrug,0,0,0
DC6,Drug,251,1.5,Female,0,0,1,1.5,0,Healthy,25.5,,Notlactating,0,,4,,14/05/2021,,88,2021,May,May-21,88,,1,Dry,Noplantdrug,1,0,1
DC6,Drug,252,1.5,Female,0,0,2,2,0,Healthy,29.9,,Notlactating,0,,4,,14/05/2021,,88,2021,May,May-21,88,,1,Dry,Noplantdrug,0,0,0
DC7,Drug,260,1,Female,0,0,3,2,0,Borderline,31.8,,notlactating,0,0,5,,31/08/2020,,165,2020,Aug,Aug-20,FALSE,,1,Dry,Noplantdrug,2,0,2
DC7,Drug,261,2.5,Female,0,0,2,1.5,0,Healthy,31.3,,Notlactating,0,,10,,15/02/2021,,333,2021,Feb,Feb-21,FALSE,,1,Rainy,Noplantdrug,7,0,4+
DC7,Drug,262,1.5,Male,0,0,3,2,0,Borderline,28.6,,,,0,6,,29/09/2020,,194,2020,Sep,Sep-20,FALSE,,1,Rainy,Noplantdrug,2,0,2
DC7,Drug,264,3.5,Female,1,0,2,1.5,0,Borderline,35.4,,Lactating,0,0,5,,31/08/2020,,165,2020,Aug,Aug-20,FALSE,,1,Dry,Noplantdrug,4,0,4+
DC7,Drug,265,1.5,Male,0,0,2,2.5,0,Healthy,35.4,,,,,8,,03/12/2020,,259,2020,Dec,Dec-20,FALSE,,1,Rainy,Noplantdrug,0,0,0
DC7,Drug,267,3.5,Male,0,0,3,2.5,0,Borderline,32.6,,,,,8,,03/12/2020,,259,2020,Dec,Dec-20,FALSE,,1,Rainy,Noplantdrug,6,0,4+
DC7,Drug,268,1,Female,0,0,2,2.5,0,Healthy,23.1,,Notlactating,0,,7,,05/11/2020,,231,2020,Nov,Nov-20,FALSE,,1,Rainy,Noplantdrug,3,0,3
DC7,Drug,269,4.5,Female,0,0,3,2,0,Borderline,42.2,,Notlactating,0,,13,,14/05/2021,,421,2021,May,May-21,421,,1,Dry,Noplantdrug,11,0,4+
DC7,Drug,270,4.5,Female,0,0,3,1.5,0,Borderline,32.6,,Notlactating,0,1,3,,25/06/2020,,98,2020,Jun,Jun-20,FALSE,,1,Dry,Noplantdrug,2,0,2
DC7,Drug,271,4.5,Female,1,0,3,1.5,0,Borderline,40.8,,Notlactating,0,1,1,,19/03/2020,,1,2020,Mar,Mar-20,FALSE,,1,Dry,Noplantdrug,1,0,1
DC7,Drug,272,1.5,Female,0,0,2,2.5,0,Healthy,31.3,,Notlactating,0,0,2,,01/06/2020,,74,2020,Jun,Jun-20,FALSE,,1,Dry,Noplantdrug,0,0,0
DC7,Drug,273,1.5,Male,0,0,2,2.5,0,Healthy,31.3,,,,,13,,14/05/2021,,421,2021,May,May-21,421,,1,Dry,Noplantdrug,9,0,4+
DC7,Drug,274,4.5,Female,1,0,4,1.5,0,Sick,32.6,12.8,Lactating,1,1,2,newborn,01/06/2020,650,74,2020,Jun,Jun-20,FALSE,74,2,Dry,Noplantdrug,0,0,0
DC7,Drug,275,1.5,Male,1,0,4,1.5,0,Sick,24.5,9.6,,,0,6,,29/09/2020,,194,2020,Sep,Sep-20,FALSE,194,2,Dry,Noplantdrug,2,0,2
DC7,Drug,276,2.5,Male,0,0,3,3,0,Borderline,32.6,,,,,9,,16/01/2021,,303,2021,Jan,Jan-21,FALSE,,1,Dry,Noplantdrug,1,0,1
DC7,Drug,277,4.5,Male,1,0,3,2,0,Borderline,47.6,,,0,0,1,,19/03/2020,,1,2020,Mar,Mar-20,FALSE,,1,Dry,Noplantdrug,1,0,1
DC7,Drug,279,1.5,Male,1,0,3,1,0,Sick,34.2,,,0,0,2,Not treated with drug FAMACHA 3,01/06/2020,,74,2020,Jun,Jun-20,FALSE,74,2,Dry,Noplantdrug,0,0,0
DC7,Drug,280,4.5,Female,0,0,4,1.5,0,Sick,44,,Notlactating,0,1,1,treated 14 days ago,19/03/2020,,1,2020,Mar,Mar-20,FALSE,0,2,Rainy,Noplantdrug,0,0,0
DC7,Drug,281,4.5,Female,0,0,3,2.5,0,Borderline,36.7,,Notlactating,0,,13,,14/05/2021,,421,2021,May,May-21,421,,1,Dry,Noplantdrug,11,0,4+
DC7,Drug,282,4.5,Female,1,0,4,1.5,0,Sick,29.9,11.6,Lactating,0,1,6,,29/09/2020,150,194,2020,Sep,Sep-20,FALSE,194,2,Dry,Noplantdrug,3,0,3
DC7,Drug,283,3.5,Female,1,0,4,1.5,0,Sick,38.1,,Notlactating,0,,7,,05/11/2020,,231,2020,Nov,Nov-20,FALSE,231,2,Rainy,Noplantdrug,5,0,4+
DC7,Drug,284,4.5,Female,0,0,4,1.5,0,Sick,35.4,,Notlactating,0,,7,,05/11/2020,550,231,2020,Nov,Nov-20,FALSE,231,2,Rainy,Noplantdrug,4,0,4+
DC7,Drug,285,4.5,Female,0,0,2,1,0,Sick,36.7,,Lactating,2,0,2,Not treated with drug FAMACHA 2 newborn,01/06/2020,,74,2020,Jun,Jun-20,FALSE,74,2,Dry,Noplantdrug,0,0,0
DC7,Drug,286,4.5,Female,1,0,4,1.5,0,Sick,36.7,14.4,Lactating,1,1,2,,01/06/2020,150,74,2020,Jun,Jun-20,FALSE,74,2,Dry,Noplantdrug,0,0,0
DC7,Drug,287,4.5,Female,0,0,3,2,0,Borderline,35.4,,Notlactating,0,,13,,14/05/2021,,421,2021,May,May-21,421,,1,Dry,Noplantdrug,7,0,4+
DC7,Drug,288,3.5,Female,0,0,3,2.5,0,Borderline,36.7,,Notlactating,0,,12,,19/04/2021,,396,2021,Apr,Apr-21,FALSE,,1,Dry,Noplantdrug,11,0,4+
DC7,Drug,289,4,Female,1,0,4,1,0,Sick,32.6,12.8,Notlactating,0,1,6,,29/09/2020,1500,194,2020,Sep,Sep-20,FALSE,194,2,Dry,Noplantdrug,3,0,3
DC7,Drug,290,1.5,Female,0,0,3,2,0,Borderline,27.2,,Notlactating,0,,13,,14/05/2021,,421,2021,May,May-21,421,,1,Dry,Noplantdrug,10,0,4+
DC7,Drug,291,2,Female,0,0,3,2.5,0,Borderline,31.3,,Notlactating,0,,13,,14/05/2021,,421,2021,May,May-21,421,,1,Dry,Noplantdrug,6,0,4+
DC7,Drug,292,4.5,Female,1,0,3,1,0,Sick,38.1,15.2,lactating,1,1,4,newborn,30/07/2020,500,133,2020,Jul,Jul-20,FALSE,133,2,Dry,Noplantdrug,2,0,2
DC7,Drug,293,1.5,Male,0,0,2,2.5,0,Healthy,38.1,,,,,13,,14/05/2021,,421,2021,May,May-21,421,,1,Dry,Noplantdrug,2,0,2
DC7,Drug,294,4,Female,1,0,2,1,0,Sick,35.4,14,Lactating,1,1,5,newborn,31/08/2020,,165,2020,Aug,Aug-20,FALSE,165,2,Dry,Noplantdrug,2,0,2
DC7,Drug,295,4.5,Female,0,0,3,2,0,Borderline,39.5,,Notlactating,0,,13,,14/05/2021,,421,2021,May,May-21,421,,1,Dry,Noplantdrug,7,0,4+
DC7,Drug,296,3.5,Female,0,0,2,2.5,0,Healthy,36.7,,Notlactating,0,,13,,14/05/2021,,421,2021,May,May-21,421,,1,Dry,Noplantdrug,5,0,4+
DC7,Drug,297,3.5,Female,0,0,3,2,0,Borderline,32.6,,Notlactating,0,,7,,05/11/2020,,231,2020,Nov,Nov-20,FALSE,,1,Rainy,Noplantdrug,6,0,4+
DC7,Drug,298,2,Male,0,0,5,1.5,0,Sick,28.1,11.2,,0,1,1,,19/03/2020,,1,2020,Mar,Mar-20,FALSE,0,2,Rainy,Noplantdrug,0,0,0
DC7,Drug,299,3.5,Female,1,0,3,1.5,0,Borderline,21.3,,Notlactating,0,0,6,,29/09/2020,,194,2020,Sep,Sep-20,FALSE,,1,Rainy,Noplantdrug,4,0,4+
DC7,Drug,300,4,Female,0,0,2,2.5,0,Healthy,40.8,,Notlactating,0,,14,,14/05/2021,,468,2021,May,May-21,498,,1,Dry,Noplantdrug,6,0,4+
DC7,Drug,301,4,Female,1,0,4,3,0,Sick,40.8,,Pregnant,0,0,1,,02/01/2020,,1,2020,Jan,Jan-20,FALSE,0,2,Rainy,Noplantdrug,0,0,0
DC7,Drug,302,4,Female,0,0,1,2.5,0,Healthy,38.1,,Notlactating,0,,14,,14/05/2021,,468,2021,May,May-21,498,,1,Dry,Noplantdrug,4,0,4+
DC7,Drug,303,1.5,Male,1,0,1,2.5,0,Healthy,36.7,,,0,0,2,,19/03/2020,,47,2020,Mar,Mar-20,FALSE,,1,Dry,Noplantdrug,0,0,0
DC7,Drug,304,4,Female,1,0,3,1,0,Sick,34.2,,Lactating,1,0,3,newborn,01/06/2020,,121,2020,Jun,Jun-20,FALSE,151,2,Dry,Noplantdrug,0,0,0
DC7,Drug,305,2,Male,0,0,2,2.5,0,Healthy,40.8,,,0,0,2,,19/03/2020,,47,2020,Mar,Mar-20,FALSE,,1,Dry,Noplantdrug,0,0,0
DC7,Drug,306,1,Female,0,0,4,1.5,0,Sick,23.1,,Notlactating,0,,8,,05/11/2020,,278,2020,Nov,Nov-20,FALSE,308,2,Rainy,Noplantdrug,4,0,4+
DC7,Drug,307,4,Female,0,0,4,1,0,Sick,39.5,15.6,Pregnant,0,1,4,,25/06/2020,50,145,2020,Jun,Jun-20,FALSE,175,2,Dry,Noplantdrug,2,0,2
DC7,Drug,309,4,Female,1,0,2,1,0,Sick,39.5,,Lactating,1,0,1,kid died,01/06/2020,,1,2020,Jun,Jun-20,FALSE,0,2,Dry,Noplantdrug,0,0,0
DC7,Drug,310,1,Female,0,0,2,3.5,0,Healthy,29.9,,Notlactating,0,,14,,14/05/2021,,468,2021,May,May-21,498,,1,Dry,Noplantdrug,4,0,4+
DC7,Drug,311,1.5,Female,0,0,3,2,0,Borderline,31.3,,Notlactating,0,,14,,14/05/2021,,468,2021,May,May-21,498,,1,Dry,Noplantdrug,10,0,4+
DC7,Drug,312,4,Female,0,0,3,3,0,Borderline,36.7,,Lactating,1,,14,,14/05/2021,,468,2021,May,May-21,498,,1,Dry,Noplantdrug,8,0,4+
DC7,Drug,313,2,Female,0,0,4,2,0,Sick,25.9,10,Notlactating,0,0,1,,02/01/2020,,1,2020,Jan,Jan-20,FALSE,0,2,Rainy,Noplantdrug,0,0,0
DC7,Drug,314,4,Female,1,0,4,2.5,0,Sick,38.1,15.2,Notlactating,0,0,1,,02/01/2020,,1,2020,Jan,Jan-20,FALSE,0,2,Rainy,Noplantdrug,0,0,0
DC7,Drug,315,3.5,Female,0,0,3,1,0,Sick,35.4,14,Lactating,1,0,4,,25/06/2020,1200,145,2020,Jun,Jun-20,FALSE,175,2,Dry,Noplantdrug,1,0,1
DC7,Drug,316,4,Female,0,0,2,2.5,0,Healthy,42.2,,Notlactating,0,,14,,14/05/2021,,468,2021,May,May-21,498,,1,Dry,Noplantdrug,5,0,4+
DC7,Drug,317,2.5,Female,1,0,2,1.5,0,Borderline,34.2,,Notlactating,0,0,5,,30/07/2020,,180,2020,Jul,Jul-20,FALSE,,1,Dry,Noplantdrug,2,0,2
DC7,Drug,319,4,Female,0,0,2,1.5,0,Borderline,36.7,,Notlactating,0,,8,,05/11/2020,,278,2020,Nov,Nov-20,FALSE,,1,Rainy,Noplantdrug,7,0,4+
DC7,Drug,320,4.5,Female,0,0,4,1,0,Sick,35.4,14,Notlactating,0,0,1,,02/01/2020,,1,2020,Jan,Jan-20,FALSE,0,2,Rainy,Noplantdrug,0,0,0
DC7,Drug,321,2,Female,0,0,3,2,0,Borderline,27.2,,Notlactating,0,,8,,05/11/2020,,278,2020,Nov,Nov-20,FALSE,,1,Rainy,Noplantdrug,3,0,3
DC7,Drug,322,1,Female,1,0,5,1.5,0,Sick,20.4,8,Notlactating,0,0,7,has no smaple,29/09/2020,,241,2020,Sep,Sep-20,FALSE,271,2,Dry,Noplantdrug,4,0,4+
DC7,Drug,323,1,Female,0,0,3,2,0,Borderline,27.2,,Notlactating,0,,14,,14/05/2021,,468,2021,May,May-21,498,,1,Dry,Noplantdrug,7,0,4+
DC7,Drug,324,1.5,Male,0,0,3,2.5,0,Borderline,45.4,,,,,14,,14/05/2021,,468,2021,May,May-21,498,,1,Dry,Noplantdrug,3,0,3
DC7,Drug,326,1,Female,1,0,4,2,0,Sick,44,17.6,Notlactating,0,0,1,,02/01/2020,,1,2020,Jan,Jan-20,FALSE,0,2,Rainy,Noplantdrug,0,0,0
DC7,Drug,327,1,Male,0,0,2,1,0,Sick,31.3,12.4,,0,0,3,,25/06/2020,,98,2020,Jun,Jun-20,FALSE,98,2,Dry,Noplantdrug,1,0,1
DC7,Drug,328,1,Female,1,0,1,2.5,0,Healthy,34.2,,Notlactating,0,0,1,,19/03/2020,,1,2020,Mar,Mar-20,FALSE,,1,Dry,Noplantdrug,0,0,0
DC7,Drug,329,1,Male,0,0,2,2.5,0,Healthy,34.2,,,,,8,,03/12/2020,,259,2020,Dec,Dec-20,FALSE,,1,Rainy,Noplantdrug,4,0,4+
DC7,Drug,330,1,Female,1,0,2,1,0,Sick,28.6,,Lactating,1,0,3,,30/07/2020,,59,2020,Jul,Jul-20,FALSE,59,2,Dry,Noplantdrug,1,0,1
DC7,Drug,331,1,Male,1,0,1,2.5,0,Healthy,28.6,,,0,0,1,,01/06/2020,,1,2020,Jun,Jun-20,FALSE,,1,Dry,Noplantdrug,0,0,0
DC7,Drug,332,1.5,Female,0,0,4,1,0,Sick,24.5,6.2,Notlactating,0,1,10,,19/04/2021,250,298,2021,Apr,Apr-21,FALSE,298,2,Dry,Noplantdrug,7,0,4+
DC7,Drug,333,2,Female,0,0,1,2,0,Healthy,24.5,,Notlactating,0,,4,,14/05/2021,,88,2021,May,May-21,88,,1,Dry,Noplantdrug,0,0,0
DC7,Drug,334,1.5,Female,0,0,3,2,0,Borderline,24.5,,Notlactating,0,,4,,14/05/2021,,88,2021,May,May-21,88,,1,Dry,Noplantdrug,3,0,3
DC7,Drug,335,3,Female,1,0,4,2,0,Sick,27.2,6.8,Notlactating,0,1,3,,19/04/2021,100,63,2021,Apr,Apr-21,FALSE,63,2,Dry,Noplantdrug,2,0,2
DC8,Drug,400,3.5,Female,1,0,4,1.5,0,Sick,39.5,15.6,Notlactating,0,1,6,,28/08/2020,150,182,2020,Aug,Aug-20,FALSE,182,2,Dry,Noplantdrug,3,0,3
DC8,Drug,401,2,Female,1,0,4,1.5,0,Sick,28.6,11.2,Notlactating,0,1,7,,02/10/2020,1850,217,2020,Oct,Oct-20,FALSE,217,2,Dry,Noplantdrug,4,0,4+
DC8,Drug,402,3,Female,0,0,3,2,0,Borderline,32.6,,Notlactating,0,,9,,01/12/2020,,277,2020,Dec,Dec-20,FALSE,,1,Rainy,Noplantdrug,6,0,4+
DC8,Drug,403,1.5,Female,0,0,3,2.5,0,Borderline,32.6,,Notlactating,0,,14,,19/05/2021,,446,2021,May,May-21,446,,1,Dry,Noplantdrug,7,0,4+
DC8,Drug,404,3,Female,1,0,4,1.5,1,Sick,35.4,,Pregnant,0,0,1,,28/02/2020,1350,1,2020,Feb,Feb-20,FALSE,0,2,Rainy,Noplantdrug,0,0,0
DC8,Drug,405,1.5,Female,1,0,4,2,0,Sick,32.6,8.2,Notlactating,0,1,13,footrot,16/04/2021,450,413,2021,Apr,Apr-21,FALSE,413,2,Dry,Noplantdrug,5,0,4+
DC8,Drug,406,4,Female,0,0,4,1.5,0,Sick,40.8,16,Lactating,2,1,5,new,29/07/2020,100,152,2020,Jul,Jul-20,FALSE,152,2,Dry,Noplantdrug,2,0,2
DC8,Drug,407,3.5,Female,1,0,4,1.5,0,Sick,38.1,15.2,Lactating,2,1,3,newborn,30/05/2020,600,92,2020,May,May-20,FALSE,92,2,Dry,Noplantdrug,1,0,1
DC8,Drug,408,1.5,Male,0,0,3,2.5,0,Borderline,36.7,,,,0,6,,28/08/2020,,182,2020,Aug,Aug-20,FALSE,,1,Dry,Noplantdrug,2,0,2
DC8,Drug,409,2,Female,1,0,3,2.5,0,Borderline,31.3,,Notlactating,0,1,2,,18/03/2020,0,19,2020,Mar,Mar-20,FALSE,,1,Dry,Noplantdrug,1,0,1
DC8,Drug,410,1,Female,0,0,3,2.5,0,Borderline,31.3,,Lactating,1,,14,,19/05/2021,,446,2021,May,May-21,446,,1,Dry,Noplantdrug,6,0,4+
DC8,Drug,411,1.5,Female,0,0,3,2,0,Borderline,34.2,,Notlactating,0,,10,,15/01/2021,,322,2021,Jan,Jan-21,FALSE,,1,Rainy,Noplantdrug,5,0,4+
DC8,Drug,412,2,Female,0,0,4,2.5,0,Sick,34.2,8.6,Lactating,1,1,12,newborn,16/04/2021,100,394,2021,Apr,Apr-21,FALSE,394,2,Dry,Noplantdrug,2,0,2
DC8,Drug,413,3,Female,1,0,2,2.5,0,Healthy,34.2,,Lactating,1,,14,newborn,19/05/2021,,446,2021,May,May-21,446,,1,Dry,Noplantdrug,6,0,4+
DC8,Drug,414,1.5,Female,0,0,2,2.5,0,Healthy,38.1,,Lactating,0,,14,,19/05/2021,,446,2021,May,May-21,446,,1,Dry,Noplantdrug,3,0,3
DC8,Drug,415,3.5,Female,0,0,4,1.5,0,Sick,32.6,12.8,Lactating,1,1,7,,02/10/2020,1000,217,2020,Oct,Oct-20,FALSE,217,2,Dry,Noplantdrug,3,0,3
DC8,Drug,416,1.5,Male,0,0,1,2.5,0,Healthy,34.2,,,,,12,,23/03/2021,,389,2021,Mar,Mar-21,FALSE,,1,Dry,Noplantdrug,0,0,0
DC8,Drug,417,3,Female,1,0,4,1.5,0,Sick,35.4,14,Notlactating,0,1,6,,02/10/2020,550,198,2020,Oct,Oct-20,FALSE,198,2,Dry,Noplantdrug,2,0,2
DC8,Drug,418,4.5,Male,0,0,3,3.5,0,Borderline,61.2,,,,0,5,,03/11/2020,,130,2020,Nov,Nov-20,FALSE,,1,Rainy,Noplantdrug,5,0,4+
DC8,Drug,419,3,Male,1,0,3,1.5,0,Borderline,34.2,,,,,2,footrot,16/02/2021,,32,2021,Feb,Feb-21,FALSE,,1,Rainy,Noplantdrug,1,0,1
DC9,Drug,430,4,Female,0,0,4,1.5,0,Sick,49.9,,Pregnant,0,1,1,,28/02/2020,1650,1,2020,Feb,Feb-20,FALSE,0,2,Rainy,Noplantdrug,0,0,0
DC9,Drug,431,1,Female,0,0,2,2,0,Healthy,27.2,,Lactating,0,,14,,14/05/2021,,441,2021,May,May-21,441,,1,Dry,Noplantdrug,11,0,4+
DC9,Drug,432,1.5,Female,0,0,2,3,0,Healthy,34.2,,Notlactating,0,0,1,,28/02/2020,,1,2020,Feb,Feb-20,FALSE,,1,Rainy,Noplantdrug,0,0,0
DC9,Drug,433,3.5,Female,1,0,4,1.5,0,Sick,31.3,12.4,Notlactating,0,1,7,,02/10/2020,,217,2020,Oct,Oct-20,FALSE,217,2,Dry,Noplantdrug,3,0,3
DC9,Drug,434,3.5,Female,1,0,3,2,0,Borderline,39.5,,Notlactating,0,1,3,,30/05/2020,200,92,2020,May,May-20,FALSE,,1,Dry,Noplantdrug,2,0,2
DC9,Drug,435,3.5,Female,1,0,4,1,0,Sick,35.4,14,Notlactating,0,1,7,,02/10/2020,,217,2020,Oct,Oct-20,FALSE,217,2,Dry,Noplantdrug,3,0,3
DC9,Drug,436,0.5,Female,1,0,3,1.5,0,Borderline,27.2,,Notlactating,0,0,6,,28/08/2020,,182,2020,Aug,Aug-20,FALSE,,1,Rainy,Noplantdrug,3,0,3
DC9,Drug,437,2,Female,0,0,3,1.5,0,Borderline,35.4,,Lactating,0,0,6,,28/08/2020,,182,2020,Aug,Aug-20,FALSE,,1,Rainy,Noplantdrug,3,0,3
DC9,Drug,438,4,Female,1,0,4,2,0,Sick,35.4,,Notlactating,0,1,2,,18/03/2020,400,19,2020,Mar,Mar-20,FALSE,19,2,Rainy,Noplantdrug,0,0,0
DC9,Drug,439,2,Female,0,0,3,1.5,0,Borderline,31.3,,Notlactating,0,,12,,18/03/2021,,384,2021,Mar,Mar-21,FALSE,,1,Dry,Noplantdrug,8,0,4+
DC9,Drug,440,3.5,Female,1,0,4,2,0,Sick,36.7,14.4,Pregnant,0,1,7,,02/10/2020,,217,2020,Oct,Oct-20,FALSE,217,2,Dry,Noplantdrug,4,0,4+
DC9,Drug,441,1.5,Male,1,0,2,3,0,Healthy,39.5,,,,,14,,14/05/2021,,441,2021,May,May-21,441,,1,Dry,Noplantdrug,3,0,3
DC9,Drug,442,4,Female,0,0,3,1.5,0,Borderline,42.2,,Notlactating,0,0,6,,28/08/2020,,182,2020,Aug,Aug-20,FALSE,,1,Dry,Noplantdrug,4,0,4+
DC9,Drug,443,1,Female,0,0,2,2,0,Healthy,31.3,,Notlactating,0,,9,,01/12/2020,50,277,2020,Dec,Dec-20,FALSE,,1,Rainy,Noplantdrug,2,0,2
DC9,Drug,444,3,Female,0,0,5,1,0,Sick,38.1,9.2,Lactating,1,1,12,,18/03/2021,500,384,2021,Mar,Mar-21,FALSE,384,2,Rainy,Noplantdrug,5,0,4+
DC9,Drug,445,2,Female,0,0,3,2.5,0,Borderline,45.8,,Notlactating,0,1,2,,18/03/2020,0,19,2020,Mar,Mar-20,FALSE,,1,Dry,Noplantdrug,1,0,1
DC9,Drug,446,1.5,Male,0,0,2,3,0,Healthy,36.7,,,,,14,,14/05/2021,,441,2021,May,May-21,441,,1,Dry,Noplantdrug,2,0,2
DC9,Drug,447,1.5,Female,0,0,4,1,0,Sick,28.1,11.2,Lactating,0,1,7,kid died,02/10/2020,,217,2020,Oct,Oct-20,FALSE,217,2,Dry,Noplantdrug,2,0,2
DC9,Drug,448,1,Female,1,0,2,2,0,Healthy,25.9,,Notlactating,0,0,2,,28/08/2020,,30,2020,Aug,Aug-20,FALSE,,1,Rainy,Noplantdrug,0,0,0
DC9,Drug,449,1,Female,1,0,1,2,0,Healthy,23.9,,Notlactating,0,0,2,,28/08/2020,,30,2020,Aug,Aug-20,FALSE,,1,Rainy,Noplantdrug,1,0,1
DC9,Drug,450,1,Female,0,0,2,3,0,Healthy,37.2,,Lactating,1,,9,,14/05/2021,,259,2021,May,May-21,259,,1,Dry,Noplantdrug,6,0,4+
DC9,Drug,451,3.5,Female,1,0,4,1.5,0,Sick,40.8,16,Notlactating,0,1,2,,02/10/2020,,35,2020,Oct,Oct-20,FALSE,35,2,Dry,Noplantdrug,0,0,0
DC9,Drug,452,3.5,Female,0,0,1,2.5,0,Healthy,32.2,,Notlactating,0,,9,,14/05/2021,,259,2021,May,May-21,259,,1,Dry,Noplantdrug,3,0,3
DC9,Drug,453,2.5,Female,0,0,4,1,0,Sick,35.4,8.9,Notlactating,0,1,7,,18/03/2021,600,202,2021,Mar,Mar-21,FALSE,202,2,Rainy,Noplantdrug,3,0,3
DC9,Drug,454,3.5,Female,0,0,3,2.5,0,Borderline,38.1,,Notlactating,0,,9,,14/05/2021,,259,2021,May,May-21,259,,1,Dry,Noplantdrug,8,0,4+
DC9,Drug,455,3.5,Female,0,0,4,1.5,0,Sick,34.2,13.6,Notlactating,0,1,2,,02/10/2020,,35,2020,Oct,Oct-20,FALSE,35,2,Dry,Noplantdrug,0,0,0
DC9,Drug,456,3.5,Female,1,0,2,1.5,0,Borderline,44,,Notlactating,0,0,1,new goats,28/08/2020,,1,2020,Aug,Aug-20,FALSE,,1,Rainy,Noplantdrug,1,0,1
DC9,Drug,458,1.5,Male,0,0,2,2,0,Healthy,34.2,,,,,3,,16/04/2021,,59,2021,Apr,Apr-21,FALSE,,1,Dry,Noplantdrug,1,0,1
DC9,Drug,459,1.5,Female,0,0,3,1.5,0,Borderline,29.9,,Notlactating,0,,4,,14/05/2021,,87,2021,May,May-21,87,,1,Dry,Noplantdrug,4,0,4+
DC9,Drug,460,1.5,Female,0,0,4,1.5,0,Sick,23.1,5.7,Pregnant,0,1,1,newgoat,16/02/2021,0,1,2021,Feb,Feb-21,FALSE,0,2,Rainy,Noplantdrug,0,0,0
DC10,Drug,500,1,Female,1,0,2,1,0,Sick,24.5,,Notlactating,0,1,1,,16/07/2020,100,1,2020,Jul,Jul-20,FALSE,0,2,Dry,Noplantdrug,0,0,0
DC10,Drug,501,3.5,Female,0,0,3,2,0,Borderline,38.1,,Notlactating,0,,11,,14/05/2021,,302,2021,May,May-21,302,,1,Dry,Noplantdrug,7,0,4+
DC10,Drug,502,2.5,Male,0,0,2,1.5,0,Healthy,31.3,,,,,11,,14/05/2021,,302,2021,May,May-21,302,,1,Dry,Noplantdrug,5,0,4+
DC10,Drug,503,3.5,Female,0,0,3,2,0,Borderline,45.8,,Lactating,1,,11,,14/05/2021,,302,2021,May,May-21,302,,1,Dry,Noplantdrug,9,0,4+
DC10,Drug,504,1.5,Male,0,0,2,2.5,0,Healthy,28.6,,,,,6,,01/12/2020,,138,2020,Dec,Dec-20,FALSE,,1,Rainy,Noplantdrug,0,0,0
DC10,Drug,505,4,Female,0,0,3,2,0,Borderline,36.7,,Notlactating,0,,11,,14/05/2021,,302,2021,May,May-21,302,,1,Dry,Noplantdrug,8,0,4+
DC10,Drug,506,1,Male,0,0,3,1,0,Sick,21.8,,,0,0,1,,16/07/2020,,1,2020,Jul,Jul-20,FALSE,0,2,Dry,Noplantdrug,0,0,0
DC10,Drug,507,1,Female,1,0,4,1,0,Sick,17.9,,Notlactating,0,1,1,,16/07/2020,300,1,2020,Jul,Jul-20,FALSE,0,2,Dry,Noplantdrug,0,0,0
DC10,Drug,508,2.5,Male,0,0,4,2,0,Sick,31.3,,,,0,5,,03/11/2020,,110,2020,Nov,Nov-20,FALSE,110,2,Rainy,Noplantdrug,1,0,1
DC10,Drug,509,3.5,Female,0,0,3,2,0,Borderline,40.8,,Notlactating,0,,11,,14/05/2021,,302,2021,May,May-21,302,,1,Dry,Noplantdrug,7,0,4+
DC10,Drug,510,3,Female,1,0,3,1,0,Sick,28.6,,Lactating,1,1,1,,16/07/2020,50,1,2020,Jul,Jul-20,FALSE,0,2,Dry,Noplantdrug,0,0,0
DC10,Drug,511,3,Female,0,0,3,2,0,Borderline,32.6,,Notlactating,0,,11,,14/05/2021,,302,2021,May,May-21,302,,1,Dry,Noplantdrug,9,0,4+
DC10,Drug,512,3,Female,1,0,4,2,3,Sick,35.4,7.1,Notlactating,0,1,7,,15/01/2021,,183,2021,Jan,Jan-21,FALSE,183,2,Rainy,Noplantdrug,5,0,4+
DC10,Drug,513,3.5,Female,0,0,2,2,0,Healthy,35.4,,Notlactating,0,,11,,14/05/2021,,302,2021,May,May-21,302,,1,Dry,Noplantdrug,8,0,4+
DC10,Drug,514,2.5,Female,1,0,2,1,0,Sick,23.1,,Lactating,1,1,1,newborn,16/07/2020,300,1,2020,Jul,Jul-20,FALSE,0,2,Dry,Noplantdrug,0,0,0
DC10,Drug,515,3.5,Female,0,0,3,1,0,Sick,29.9,11.6,Notlactating,0,0,4,,02/10/2020,,78,2020,Oct,Oct-20,FALSE,78,2,Dry,Noplantdrug,0,0,0
DC10,Drug,516,4,Female,0,0,3,2,0,Borderline,32.6,,Notlactating,0,,11,,14/05/2021,,302,2021,May,May-21,302,,1,Dry,Noplantdrug,10,0,4+
DC10,Drug,517,3.5,Female,0,0,3,2,0,Borderline,36.7,,Notlactating,0,,11,,14/05/2021,,302,2021,May,May-21,302,,1,Dry,Noplantdrug,8,0,4+
DC10,Drug,518,3.5,Female,1,0,2,2.5,0,Healthy,45.8,,Lactating,0,1,2,control,31/07/2020,150,15,2020,Jul,Jul-20,FALSE,,1,Rainy,Noplantdrug,0,0,0
DC10,Drug,519,1,Male,1,0,3,1,3,Sick,21.8,,,0,1,1,,16/07/2020,150,1,2020,Jul,Jul-20,FALSE,0,2,Dry,Noplantdrug,0,0,0
DC10,Drug,520,4,Female,1,0,3,1,0,Sick,36.7,14.4,Notlactating,0,1,3,,31/08/2020,300,46,2020,Aug,Aug-20,FALSE,46,2,Dry,Noplantdrug,1,0,1
DC10,Drug,521,3,Female,0,0,3,1,0,Sick,32.6,12.8,Lactating,0,1,2,,31/07/2020,400,15,2020,Jul,Jul-20,FALSE,15,2,Dry,Noplantdrug,0,0,0
DC10,Drug,522,3.5,Female,1,0,4,1.5,0,Sick,36.7,,Lactating,1,1,1,,16/07/2020,900,1,2020,Jul,Jul-20,FALSE,0,2,Dry,Noplantdrug,0,0,0
DC10,Drug,523,3.5,Female,0,0,3,1,0,Sick,35.4,14,Lactating,0,1,2,,31/07/2020,200,15,2020,Jul,Jul-20,FALSE,15,2,Dry,Noplantdrug,0,0,0
DC10,Drug,524,1.5,Male,0,0,2,2,0,Healthy,35.4,,,,,6,,01/12/2020,,138,2020,Dec,Dec-20,FALSE,,1,Rainy,Noplantdrug,4,0,4+
DC10,Drug,525,1,Female,0,0,2,2,0,Healthy,20.4,,Notlactating,0,1,3,control,31/08/2020,50,46,2020,Aug,Aug-20,FALSE,,1,Rainy,Noplantdrug,1,0,1
DC3,Drug,1303,1.5,Female,1,0,5,1,1,Sick,21.8,,Notlactating,0,1,1,new goat was no treated has to be vaccinated Miscarriage,25/06/2020,9100,1,2020,Jun,Jun-20,FALSE,0,2,Dry,Noplantdrug,0,0,0
DC7,Drug,2787,4.5,Female,1,0,4,1.5,0,Sick,40.8,16,Lactating,1,1,2,newborn,01/06/2020,,74,2020,Jun,Jun-20,FALSE,74,2,Dry,Noplantdrug,0,0,0
DC7,Drug,27872,4.5,Female,1,0,3,1,0,Sick,38.1,,Lactating,1,1,1,newborn,25/06/2020,150,1,2020,Jun,Jun-20,FALSE,0,2,Dry,Noplantdrug,0,0,0
DC1,Drug,4011,1,Male,1,0,3,2,0,Borderline,23.1,,,,,8,,16/04/2021,,231,2021,Apr,Apr-21,231,,1,Dry,Noplantdrug,5,0,4+
DC2,Drug,4122,4,Female,0,0,3,2,0,Borderline,35.4,,Lactating,1,,15,,19/05/2021,,482,2021,May,May-21,482,,1,Dry,Noplantdrug,14,0,4+
DC10,Drug,51910,2,Male,0,0,2,2.5,0,Healthy,28.6,,,,,1,newgoat,14/05/2021,,1,2021,May,May-21,0,,1,Dry,Noplantdrug,0,0,0
DC2,Drug,562,3.5,Female,0,0,3,3,0,Borderline,38.1,,Lactating,1,,5,,19/05/2021,,124,2021,May,May-21,124,,1,Dry,Noplantdrug,4,0,4+
DC2,Drug,642,3.5,Female,0,0,2,2,0,Healthy,34.2,,Notlactating,0,,7,goats stay far from the farmer residence,19/05/2021,,197,2021,May,May-21,197,,1,Dry,Noplantdrug,2,0,2
DC2,Drug,652,3,Female,0,0,2,2.5,0,Healthy,42,,Notlactating,0,,1,,20/04/2021,,1,2021,Apr,Apr-21,29,,1,Dry,Noplantdrug,0,0,0
